2026-08-31 18:41:50,827 [INFO] ============================================================
2026-08-31 18:41:50,827 [INFO] IPTV Playlist Generator – starting run
2026-08-31 18:41:50,827 [INFO] ============================================================
2026-08-31 18:41:50,827 [INFO] Loaded 9 channel(s) from channels.txt
2026-08-31 18:41:50,828 [INFO] --------------------------------------------------
2026-08-31 18:41:50,828 [INFO] Processing channel 1/9: PTV NEWS
2026-08-31 18:41:50,828 [INFO] Scraping: PTV NEWS (https://www.youtube.com/@PTVNewsOfficial/live)
2026-08-31 18:41:53,216 [INFO] [PTV NEWS] No active live broadcast detected
2026-08-31 18:41:53,216 [INFO] [PTV NEWS] Skipping – channel offline or scrape failed
2026-08-31 18:41:57,752 [INFO] --------------------------------------------------
2026-08-31 18:41:57,752 [INFO] Processing channel 2/9: NatGeoANimals
2026-08-31 18:41:57,752 [INFO] Scraping: NatGeoANimals (https://www.youtube.com/@NatGeoAnimals/live)
2026-08-31 18:41:59,435 [INFO] [NatGeoANimals] No active live broadcast detected
2026-08-31 18:41:59,435 [INFO] [NatGeoANimals] Skipping – channel offline or scrape failed
2026-08-31 18:42:02,920 [INFO] --------------------------------------------------
2026-08-31 18:42:02,920 [INFO] Processing channel 3/9: GeoNews
2026-08-31 18:42:02,920 [INFO] Scraping: GeoNews (https://www.youtube.com/@geonews/live)
2026-08-31 18:42:04,926 [INFO] [GeoNews] No active live broadcast detected
2026-08-31 18:42:04,926 [INFO] [GeoNews] Skipping – channel offline or scrape failed
2026-08-31 18:42:09,808 [INFO] --------------------------------------------------
2026-08-31 18:42:09,809 [INFO] Processing channel 4/9: AryNews
2026-08-31 18:42:09,809 [INFO] Scraping: AryNews (https://www.youtube.com/@ArynewsTvofficial/live)
2026-08-31 18:42:12,481 [INFO] [AryNews] No active live broadcast detected
2026-08-31 18:42:12,482 [INFO] [AryNews] Skipping – channel offline or scrape failed
2026-08-31 18:42:16,313 [INFO] --------------------------------------------------
2026-08-31 18:42:16,313 [INFO] Processing channel 5/9: AryDigitalAsia
2026-08-31 18:42:16,313 [INFO] Scraping: AryDigitalAsia (https://www.youtube.com/@ARYDigitalasia/live)
2026-08-31 18:42:18,373 [INFO] [AryDigitalAsia] No active live broadcast detected
2026-08-31 18:42:18,374 [INFO] [AryDigitalAsia] Skipping – channel offline or scrape failed
2026-08-31 18:42:23,167 [INFO] --------------------------------------------------
2026-08-31 18:42:23,167 [INFO] Processing channel 6/9: SamaaTv
2026-08-31 18:42:23,167 [INFO] Scraping: SamaaTv (https://www.youtube.com/@Samaatv/live)
2026-08-31 18:42:25,532 [INFO] [SamaaTv] No active live broadcast detected
2026-08-31 18:42:25,532 [INFO] [SamaaTv] Skipping – channel offline or scrape failed
2026-08-31 18:42:28,929 [INFO] --------------------------------------------------
2026-08-31 18:42:28,929 [INFO] Processing channel 7/9: DunyaNews
2026-08-31 18:42:28,929 [INFO] Scraping: DunyaNews (https://www.youtube.com/@DunyanewsOfficial/live)
2026-08-31 18:42:30,647 [INFO] [DunyaNews] No active live broadcast detected
2026-08-31 18:42:30,647 [INFO] [DunyaNews] Skipping – channel offline or scrape failed
2026-08-31 18:42:35,002 [INFO] --------------------------------------------------
2026-08-31 18:42:35,002 [INFO] Processing channel 8/9: ExpressNews
2026-08-31 18:42:35,002 [INFO] Scraping: ExpressNews (https://www.youtube.com/@ExpressNewspkofficial/live)
2026-08-31 18:42:36,791 [INFO] [ExpressNews] No active live broadcast detected
2026-08-31 18:42:36,791 [INFO] [ExpressNews] Skipping – channel offline or scrape failed
2026-08-31 18:42:39,801 [INFO] --------------------------------------------------
2026-08-31 18:42:39,801 [INFO] Processing channel 9/9: PakistanGlobal
2026-08-31 18:42:39,801 [INFO] Scraping: PakistanGlobal (https://www.youtube.com/@pakistantvglobal/live)
2026-08-31 18:42:41,265 [INFO] [PakistanGlobal] No active live broadcast detected
2026-08-31 18:42:41,265 [INFO] [PakistanGlobal] Skipping – channel offline or scrape failed
2026-08-31 18:42:41,265 [INFO] ============================================================
2026-08-31 18:42:41,266 [INFO] Run complete – live: 0 | offline: 9 | failed: 0
2026-08-31 18:42:41,266 [WARNING] No live streams found – playlist not updated
2026-08-31 18:42:41,266 [INFO] Status written to playlist_status.json
2026-08-31 23:10:43,242 [INFO] ============================================================
2026-08-31 23:10:43,243 [INFO] IPTV Playlist Generator – starting run
2026-08-31 23:10:43,243 [INFO] ============================================================
2026-08-31 23:10:43,243 [INFO] Loaded 9 channel(s) from channels.txt
2026-08-31 23:10:43,243 [INFO] --------------------------------------------------
2026-08-31 23:10:43,243 [INFO] Processing channel 1/9: PTV NEWS
2026-08-31 23:10:43,243 [INFO] Scraping: PTV NEWS (https://www.youtube.com/@PTVNewsOfficial/live)
2026-08-31 23:10:44,960 [INFO] [PTV NEWS] No active live broadcast detected
2026-08-31 23:10:44,960 [INFO] [PTV NEWS] Skipping – channel offline or scrape failed
2026-08-31 23:10:49,385 [INFO] --------------------------------------------------
2026-08-31 23:10:49,385 [INFO] Processing channel 2/9: NatGeoANimals
2026-08-31 23:10:49,385 [INFO] Scraping: NatGeoANimals (https://www.youtube.com/@NatGeoAnimals/live)
2026-08-31 23:10:51,518 [INFO] [NatGeoANimals] No active live broadcast detected
2026-08-31 23:10:51,518 [INFO] [NatGeoANimals] Skipping – channel offline or scrape failed
2026-08-31 23:10:53,826 [INFO] --------------------------------------------------
2026-08-31 23:10:53,826 [INFO] Processing channel 3/9: GeoNews
2026-08-31 23:10:53,826 [INFO] Scraping: GeoNews (https://www.youtube.com/@geonews/live)
2026-08-31 23:10:56,437 [INFO] [GeoNews] No active live broadcast detected
2026-08-31 23:10:56,437 [INFO] [GeoNews] Skipping – channel offline or scrape failed
2026-08-31 23:11:01,095 [INFO] --------------------------------------------------
2026-08-31 23:11:01,095 [INFO] Processing channel 4/9: AryNews
2026-08-31 23:11:01,095 [INFO] Scraping: AryNews (https://www.youtube.com/@ArynewsTvofficial/live)
2026-08-31 23:11:02,858 [INFO] [AryNews] No active live broadcast detected
2026-08-31 23:11:02,858 [INFO] [AryNews] Skipping – channel offline or scrape failed
2026-08-31 23:11:05,409 [INFO] --------------------------------------------------
2026-08-31 23:11:05,409 [INFO] Processing channel 5/9: AryDigitalAsia
2026-08-31 23:11:05,410 [INFO] Scraping: AryDigitalAsia (https://www.youtube.com/@ARYDigitalasia/live)
2026-08-31 23:11:07,133 [INFO] [AryDigitalAsia] No active live broadcast detected
2026-08-31 23:11:07,133 [INFO] [AryDigitalAsia] Skipping – channel offline or scrape failed
2026-08-31 23:11:11,907 [INFO] --------------------------------------------------
2026-08-31 23:11:11,907 [INFO] Processing channel 6/9: SamaaTv
2026-08-31 23:11:11,907 [INFO] Scraping: SamaaTv (https://www.youtube.com/@Samaatv/live)
2026-08-31 23:11:14,288 [INFO] [SamaaTv] No active live broadcast detected
2026-08-31 23:11:14,288 [INFO] [SamaaTv] Skipping – channel offline or scrape failed
2026-08-31 23:11:18,928 [INFO] --------------------------------------------------
2026-08-31 23:11:18,928 [INFO] Processing channel 7/9: DunyaNews
2026-08-31 23:11:18,928 [INFO] Scraping: DunyaNews (https://www.youtube.com/@DunyanewsOfficial/live)
2026-08-31 23:11:20,648 [INFO] [DunyaNews] No active live broadcast detected
2026-08-31 23:11:20,648 [INFO] [DunyaNews] Skipping – channel offline or scrape failed
2026-08-31 23:11:23,844 [INFO] --------------------------------------------------
2026-08-31 23:11:23,844 [INFO] Processing channel 8/9: ExpressNews
2026-08-31 23:11:23,844 [INFO] Scraping: ExpressNews (https://www.youtube.com/@ExpressNewspkofficial/live)
2026-08-31 23:11:25,093 [INFO] [ExpressNews] No active live broadcast detected
2026-08-31 23:11:25,093 [INFO] [ExpressNews] Skipping – channel offline or scrape failed
2026-08-31 23:11:30,020 [INFO] --------------------------------------------------
2026-08-31 23:11:30,020 [INFO] Processing channel 9/9: PakistanGlobal
2026-08-31 23:11:30,020 [INFO] Scraping: PakistanGlobal (https://www.youtube.com/@pakistantvglobal/live)
2026-08-31 23:11:31,789 [INFO] [PakistanGlobal] No active live broadcast detected
2026-08-31 23:11:31,789 [INFO] [PakistanGlobal] Skipping – channel offline or scrape failed
2026-08-31 23:11:31,789 [INFO] ============================================================
2026-08-31 23:11:31,789 [INFO] Run complete – live: 0 | offline: 9 | failed: 0
2026-08-31 23:11:31,789 [WARNING] No live streams found – playlist not updated
2026-08-31 23:11:31,790 [INFO] Status written to playlist_status.json
2026-09-01 04:54:12,162 [INFO] ============================================================
2026-09-01 04:54:12,163 [INFO] IPTV Playlist Generator – starting run
2026-09-01 04:54:12,163 [INFO] ============================================================
2026-09-01 04:54:12,163 [INFO] Loaded 9 channel(s) from channels.txt
2026-09-01 04:54:12,163 [INFO] --------------------------------------------------
2026-09-01 04:54:12,163 [INFO] Processing channel 1/9: PTV NEWS
2026-09-01 04:54:12,163 [INFO] Scraping: PTV NEWS (https://www.youtube.com/@PTVNewsOfficial/live)
2026-09-01 04:54:14,919 [INFO] [PTV NEWS] No active live broadcast detected
2026-09-01 04:54:14,919 [INFO] [PTV NEWS] Skipping – channel offline or scrape failed
2026-09-01 04:54:17,657 [INFO] --------------------------------------------------
2026-09-01 04:54:17,657 [INFO] Processing channel 2/9: NatGeoANimals
2026-09-01 04:54:17,657 [INFO] Scraping: NatGeoANimals (https://www.youtube.com/@NatGeoAnimals/live)
2026-09-01 04:54:20,413 [INFO] [NatGeoANimals] No active live broadcast detected
2026-09-01 04:54:20,413 [INFO] [NatGeoANimals] Skipping – channel offline or scrape failed
2026-09-01 04:54:25,218 [INFO] --------------------------------------------------
2026-09-01 04:54:25,218 [INFO] Processing channel 3/9: GeoNews
2026-09-01 04:54:25,218 [INFO] Scraping: GeoNews (https://www.youtube.com/@geonews/live)
2026-09-01 04:54:26,894 [INFO] [GeoNews] No active live broadcast detected
2026-09-01 04:54:26,895 [INFO] [GeoNews] Skipping – channel offline or scrape failed
2026-09-01 04:54:30,526 [INFO] --------------------------------------------------
2026-09-01 04:54:30,526 [INFO] Processing channel 4/9: AryNews
2026-09-01 04:54:30,526 [INFO] Scraping: AryNews (https://www.youtube.com/@ArynewsTvofficial/live)
2026-09-01 04:54:33,184 [INFO] [AryNews] No active live broadcast detected
2026-09-01 04:54:33,185 [INFO] [AryNews] Skipping – channel offline or scrape failed
2026-09-01 04:54:37,297 [INFO] --------------------------------------------------
2026-09-01 04:54:37,297 [INFO] Processing channel 5/9: AryDigitalAsia
2026-09-01 04:54:37,297 [INFO] Scraping: AryDigitalAsia (https://www.youtube.com/@ARYDigitalasia/live)
2026-09-01 04:54:39,279 [INFO] [AryDigitalAsia] No active live broadcast detected
2026-09-01 04:54:39,280 [INFO] [AryDigitalAsia] Skipping – channel offline or scrape failed
2026-09-01 04:54:44,275 [INFO] --------------------------------------------------
2026-09-01 04:54:44,275 [INFO] Processing channel 6/9: SamaaTv
2026-09-01 04:54:44,275 [INFO] Scraping: SamaaTv (https://www.youtube.com/@Samaatv/live)
2026-09-01 04:54:47,097 [INFO] [SamaaTv] No active live broadcast detected
2026-09-01 04:54:47,097 [INFO] [SamaaTv] Skipping – channel offline or scrape failed
2026-09-01 04:54:51,407 [INFO] --------------------------------------------------
2026-09-01 04:54:51,408 [INFO] Processing channel 7/9: DunyaNews
2026-09-01 04:54:51,408 [INFO] Scraping: DunyaNews (https://www.youtube.com/@DunyanewsOfficial/live)
2026-09-01 04:54:54,498 [INFO] [DunyaNews] No active live broadcast detected
2026-09-01 04:54:54,498 [INFO] [DunyaNews] Skipping – channel offline or scrape failed
2026-09-01 04:54:56,912 [INFO] --------------------------------------------------
2026-09-01 04:54:56,912 [INFO] Processing channel 8/9: ExpressNews
2026-09-01 04:54:56,912 [INFO] Scraping: ExpressNews (https://www.youtube.com/@ExpressNewspkofficial/live)
2026-09-01 04:54:59,589 [INFO] [ExpressNews] No active live broadcast detected
2026-09-01 04:54:59,589 [INFO] [ExpressNews] Skipping – channel offline or scrape failed
2026-09-01 04:55:04,136 [INFO] --------------------------------------------------
2026-09-01 04:55:04,137 [INFO] Processing channel 9/9: PakistanGlobal
2026-09-01 04:55:04,137 [INFO] Scraping: PakistanGlobal (https://www.youtube.com/@pakistantvglobal/live)
2026-09-01 04:55:06,694 [INFO] [PakistanGlobal] No active live broadcast detected
2026-09-01 04:55:06,695 [INFO] [PakistanGlobal] Skipping – channel offline or scrape failed
2026-09-01 04:55:06,695 [INFO] ============================================================
2026-09-01 04:55:06,695 [INFO] Run complete – live: 0 | offline: 9 | failed: 0
2026-09-01 04:55:06,695 [WARNING] No live streams found – playlist not updated
2026-09-01 04:55:06,695 [INFO] Status written to playlist_status.json
2026-09-01 09:56:32,624 [INFO] ============================================================
2026-09-01 09:56:32,624 [INFO] IPTV Playlist Generator – starting run
2026-09-01 09:56:32,624 [INFO] ============================================================
2026-09-01 09:56:32,625 [INFO] Loaded 9 channel(s) from channels.txt
2026-09-01 09:56:32,625 [INFO] --------------------------------------------------
2026-09-01 09:56:32,625 [INFO] Processing channel 1/9: PTV NEWS
2026-09-01 09:56:32,625 [INFO] Scraping: PTV NEWS (https://www.youtube.com/@PTVNewsOfficial/live)
2026-09-01 09:56:34,196 [INFO] [PTV NEWS] No active live broadcast detected
2026-09-01 09:56:34,197 [INFO] [PTV NEWS] Skipping – channel offline or scrape failed
2026-09-01 09:56:36,729 [INFO] --------------------------------------------------
2026-09-01 09:56:36,729 [INFO] Processing channel 2/9: NatGeoANimals
2026-09-01 09:56:36,729 [INFO] Scraping: NatGeoANimals (https://www.youtube.com/@NatGeoAnimals/live)
2026-09-01 09:56:38,105 [INFO] [NatGeoANimals] No active live broadcast detected
2026-09-01 09:56:38,106 [INFO] [NatGeoANimals] Skipping – channel offline or scrape failed
2026-09-01 09:56:41,088 [INFO] --------------------------------------------------
2026-09-01 09:56:41,088 [INFO] Processing channel 3/9: GeoNews
2026-09-01 09:56:41,088 [INFO] Scraping: GeoNews (https://www.youtube.com/@geonews/live)
2026-09-01 09:56:42,475 [INFO] [GeoNews] No active live broadcast detected
2026-09-01 09:56:42,475 [INFO] [GeoNews] Skipping – channel offline or scrape failed
2026-09-01 09:56:44,656 [INFO] --------------------------------------------------
2026-09-01 09:56:44,657 [INFO] Processing channel 4/9: AryNews
2026-09-01 09:56:44,657 [INFO] Scraping: AryNews (https://www.youtube.com/@ArynewsTvofficial/live)
2026-09-01 09:56:46,200 [INFO] [AryNews] No active live broadcast detected
2026-09-01 09:56:46,200 [INFO] [AryNews] Skipping – channel offline or scrape failed
2026-09-01 09:56:49,890 [INFO] --------------------------------------------------
2026-09-01 09:56:49,890 [INFO] Processing channel 5/9: AryDigitalAsia
2026-09-01 09:56:49,890 [INFO] Scraping: AryDigitalAsia (https://www.youtube.com/@ARYDigitalasia/live)
2026-09-01 09:56:52,196 [INFO] [AryDigitalAsia] No active live broadcast detected
2026-09-01 09:56:52,196 [INFO] [AryDigitalAsia] Skipping – channel offline or scrape failed
2026-09-01 09:56:54,560 [INFO] --------------------------------------------------
2026-09-01 09:56:54,560 [INFO] Processing channel 6/9: SamaaTv
2026-09-01 09:56:54,560 [INFO] Scraping: SamaaTv (https://www.youtube.com/@Samaatv/live)
2026-09-01 09:56:56,268 [INFO] [SamaaTv] No active live broadcast detected
2026-09-01 09:56:56,268 [INFO] [SamaaTv] Skipping – channel offline or scrape failed
2026-09-01 09:56:58,391 [INFO] --------------------------------------------------
2026-09-01 09:56:58,391 [INFO] Processing channel 7/9: DunyaNews
2026-09-01 09:56:58,391 [INFO] Scraping: DunyaNews (https://www.youtube.com/@DunyanewsOfficial/live)
2026-09-01 09:57:00,436 [INFO] [DunyaNews] No active live broadcast detected
2026-09-01 09:57:00,436 [INFO] [DunyaNews] Skipping – channel offline or scrape failed
2026-09-01 09:57:02,939 [INFO] --------------------------------------------------
2026-09-01 09:57:02,939 [INFO] Processing channel 8/9: ExpressNews
2026-09-01 09:57:02,939 [INFO] Scraping: ExpressNews (https://www.youtube.com/@ExpressNewspkofficial/live)
2026-09-01 09:57:04,949 [INFO] [ExpressNews] No active live broadcast detected
2026-09-01 09:57:04,949 [INFO] [ExpressNews] Skipping – channel offline or scrape failed
2026-09-01 09:57:09,279 [INFO] --------------------------------------------------
2026-09-01 09:57:09,279 [INFO] Processing channel 9/9: PakistanGlobal
2026-09-01 09:57:09,279 [INFO] Scraping: PakistanGlobal (https://www.youtube.com/@pakistantvglobal/live)
2026-09-01 09:57:10,806 [INFO] [PakistanGlobal] No active live broadcast detected
2026-09-01 09:57:10,806 [INFO] [PakistanGlobal] Skipping – channel offline or scrape failed
2026-09-01 09:57:10,806 [INFO] ============================================================
2026-09-01 09:57:10,806 [INFO] Run complete – live: 0 | offline: 9 | failed: 0
2026-09-01 09:57:10,806 [WARNING] No live streams found – playlist not updated
2026-09-01 09:57:10,807 [INFO] Status written to playlist_status.json
2026-09-01 14:43:57,027 [INFO] ============================================================
2026-09-01 14:43:57,027 [INFO] IPTV Playlist Generator – starting run
2026-09-01 14:43:57,027 [INFO] ============================================================
2026-09-01 14:43:57,027 [INFO] Loaded 9 channel(s) from channels.txt
2026-09-01 14:43:57,027 [INFO] --------------------------------------------------
2026-09-01 14:43:57,027 [INFO] Processing channel 1/9: PTV NEWS
2026-09-01 14:43:57,027 [INFO] Scraping: PTV NEWS (https://www.youtube.com/@PTVNewsOfficial/live)
2026-09-01 14:43:59,417 [INFO] [PTV NEWS] No active live broadcast detected
2026-09-01 14:43:59,417 [INFO] [PTV NEWS] Skipping – channel offline or scrape failed
2026-09-01 14:44:03,490 [INFO] --------------------------------------------------
2026-09-01 14:44:03,490 [INFO] Processing channel 2/9: NatGeoANimals
2026-09-01 14:44:03,490 [INFO] Scraping: NatGeoANimals (https://www.youtube.com/@NatGeoAnimals/live)
2026-09-01 14:44:05,401 [INFO] [NatGeoANimals] No active live broadcast detected
2026-09-01 14:44:05,401 [INFO] [NatGeoANimals] Skipping – channel offline or scrape failed
2026-09-01 14:44:08,158 [INFO] --------------------------------------------------
2026-09-01 14:44:08,159 [INFO] Processing channel 3/9: GeoNews
2026-09-01 14:44:08,159 [INFO] Scraping: GeoNews (https://www.youtube.com/@geonews/live)
2026-09-01 14:44:10,530 [INFO] [GeoNews] No active live broadcast detected
2026-09-01 14:44:10,530 [INFO] [GeoNews] Skipping – channel offline or scrape failed
2026-09-01 14:44:14,706 [INFO] --------------------------------------------------
2026-09-01 14:44:14,706 [INFO] Processing channel 4/9: AryNews
2026-09-01 14:44:14,706 [INFO] Scraping: AryNews (https://www.youtube.com/@ArynewsTvofficial/live)
2026-09-01 14:44:16,176 [INFO] [AryNews] No active live broadcast detected
2026-09-01 14:44:16,176 [INFO] [AryNews] Skipping – channel offline or scrape failed
2026-09-01 14:44:18,459 [INFO] --------------------------------------------------
2026-09-01 14:44:18,459 [INFO] Processing channel 5/9: AryDigitalAsia
2026-09-01 14:44:18,459 [INFO] Scraping: AryDigitalAsia (https://www.youtube.com/@ARYDigitalasia/live)
2026-09-01 14:44:20,282 [INFO] [AryDigitalAsia] No active live broadcast detected
2026-09-01 14:44:20,283 [INFO] [AryDigitalAsia] Skipping – channel offline or scrape failed
2026-09-01 14:44:24,833 [INFO] --------------------------------------------------
2026-09-01 14:44:24,834 [INFO] Processing channel 6/9: SamaaTv
2026-09-01 14:44:24,834 [INFO] Scraping: SamaaTv (https://www.youtube.com/@Samaatv/live)
2026-09-01 14:44:26,638 [INFO] [SamaaTv] No active live broadcast detected
2026-09-01 14:44:26,638 [INFO] [SamaaTv] Skipping – channel offline or scrape failed
2026-09-01 14:44:30,896 [INFO] --------------------------------------------------
2026-09-01 14:44:30,896 [INFO] Processing channel 7/9: DunyaNews
2026-09-01 14:44:30,896 [INFO] Scraping: DunyaNews (https://www.youtube.com/@DunyanewsOfficial/live)
2026-09-01 14:44:32,183 [INFO] [DunyaNews] No active live broadcast detected
2026-09-01 14:44:32,184 [INFO] [DunyaNews] Skipping – channel offline or scrape failed
2026-09-01 14:44:36,302 [INFO] --------------------------------------------------
2026-09-01 14:44:36,302 [INFO] Processing channel 8/9: ExpressNews
2026-09-01 14:44:36,302 [INFO] Scraping: ExpressNews (https://www.youtube.com/@ExpressNewspkofficial/live)
2026-09-01 14:44:38,762 [INFO] [ExpressNews] No active live broadcast detected
2026-09-01 14:44:38,762 [INFO] [ExpressNews] Skipping – channel offline or scrape failed
2026-09-01 14:44:43,048 [INFO] --------------------------------------------------
2026-09-01 14:44:43,048 [INFO] Processing channel 9/9: PakistanGlobal
2026-09-01 14:44:43,049 [INFO] Scraping: PakistanGlobal (https://www.youtube.com/@pakistantvglobal/live)
2026-09-01 14:44:44,588 [INFO] [PakistanGlobal] No active live broadcast detected
2026-09-01 14:44:44,588 [INFO] [PakistanGlobal] Skipping – channel offline or scrape failed
2026-09-01 14:44:44,588 [INFO] ============================================================
2026-09-01 14:44:44,588 [INFO] Run complete – live: 0 | offline: 9 | failed: 0
2026-09-01 14:44:44,588 [WARNING] No live streams found – playlist not updated
2026-09-01 14:44:44,589 [INFO] Status written to playlist_status.json
2026-09-01 18:22:06,306 [INFO] ============================================================
2026-09-01 18:22:06,306 [INFO] IPTV Playlist Generator – starting run
2026-09-01 18:22:06,307 [INFO] ============================================================
2026-09-01 18:22:06,307 [INFO] Loaded 9 channel(s) from channels.txt
2026-09-01 18:22:06,307 [INFO] --------------------------------------------------
2026-09-01 18:22:06,307 [INFO] Processing channel 1/9: PTV NEWS
2026-09-01 18:22:06,307 [INFO] Scraping: PTV NEWS (https://www.youtube.com/@PTVNewsOfficial/live)
2026-09-01 18:22:08,641 [INFO] [PTV NEWS] No active live broadcast detected
2026-09-01 18:22:08,641 [INFO] [PTV NEWS] Skipping – channel offline or scrape failed
2026-09-01 18:22:13,551 [INFO] --------------------------------------------------
2026-09-01 18:22:13,551 [INFO] Processing channel 2/9: NatGeoANimals
2026-09-01 18:22:13,552 [INFO] Scraping: NatGeoANimals (https://www.youtube.com/@NatGeoAnimals/live)
2026-09-01 18:22:15,372 [INFO] [NatGeoANimals] No active live broadcast detected
2026-09-01 18:22:15,372 [INFO] [NatGeoANimals] Skipping – channel offline or scrape failed
2026-09-01 18:22:18,944 [INFO] --------------------------------------------------
2026-09-01 18:22:18,944 [INFO] Processing channel 3/9: GeoNews
2026-09-01 18:22:18,944 [INFO] Scraping: GeoNews (https://www.youtube.com/@geonews/live)
2026-09-01 18:22:20,704 [INFO] [GeoNews] No active live broadcast detected
2026-09-01 18:22:20,704 [INFO] [GeoNews] Skipping – channel offline or scrape failed
2026-09-01 18:22:22,870 [INFO] --------------------------------------------------
2026-09-01 18:22:22,870 [INFO] Processing channel 4/9: AryNews
2026-09-01 18:22:22,870 [INFO] Scraping: AryNews (https://www.youtube.com/@ArynewsTvofficial/live)
2026-09-01 18:22:25,512 [INFO] [AryNews] No active live broadcast detected
2026-09-01 18:22:25,512 [INFO] [AryNews] Skipping – channel offline or scrape failed
2026-09-01 18:22:28,002 [INFO] --------------------------------------------------
2026-09-01 18:22:28,002 [INFO] Processing channel 5/9: AryDigitalAsia
2026-09-01 18:22:28,002 [INFO] Scraping: AryDigitalAsia (https://www.youtube.com/@ARYDigitalasia/live)
2026-09-01 18:22:30,764 [INFO] [AryDigitalAsia] No active live broadcast detected
2026-09-01 18:22:30,765 [INFO] [AryDigitalAsia] Skipping – channel offline or scrape failed
2026-09-01 18:22:35,500 [INFO] --------------------------------------------------
2026-09-01 18:22:35,500 [INFO] Processing channel 6/9: SamaaTv
2026-09-01 18:22:35,501 [INFO] Scraping: SamaaTv (https://www.youtube.com/@Samaatv/live)
2026-09-01 18:22:37,836 [INFO] [SamaaTv] No active live broadcast detected
2026-09-01 18:22:37,837 [INFO] [SamaaTv] Skipping – channel offline or scrape failed
2026-09-01 18:22:41,983 [INFO] --------------------------------------------------
2026-09-01 18:22:41,983 [INFO] Processing channel 7/9: DunyaNews
2026-09-01 18:22:41,983 [INFO] Scraping: DunyaNews (https://www.youtube.com/@DunyanewsOfficial/live)
2026-09-01 18:22:43,628 [INFO] [DunyaNews] No active live broadcast detected
2026-09-01 18:22:43,628 [INFO] [DunyaNews] Skipping – channel offline or scrape failed
2026-09-01 18:22:47,014 [INFO] --------------------------------------------------
2026-09-01 18:22:47,014 [INFO] Processing channel 8/9: ExpressNews
2026-09-01 18:22:47,014 [INFO] Scraping: ExpressNews (https://www.youtube.com/@ExpressNewspkofficial/live)
2026-09-01 18:22:48,628 [INFO] [ExpressNews] No active live broadcast detected
2026-09-01 18:22:48,628 [INFO] [ExpressNews] Skipping – channel offline or scrape failed
2026-09-01 18:22:51,505 [INFO] --------------------------------------------------
2026-09-01 18:22:51,505 [INFO] Processing channel 9/9: PakistanGlobal
2026-09-01 18:22:51,505 [INFO] Scraping: PakistanGlobal (https://www.youtube.com/@pakistantvglobal/live)
2026-09-01 18:22:53,445 [INFO] [PakistanGlobal] No active live broadcast detected
2026-09-01 18:22:53,446 [INFO] [PakistanGlobal] Skipping – channel offline or scrape failed
2026-09-01 18:22:53,446 [INFO] ============================================================
2026-09-01 18:22:53,446 [INFO] Run complete – live: 0 | offline: 9 | failed: 0
2026-09-01 18:22:53,446 [WARNING] No live streams found – playlist not updated
2026-09-01 18:22:53,446 [INFO] Status written to playlist_status.json
2026-09-01 21:42:43,398 [INFO] ============================================================
2026-09-01 21:42:43,398 [INFO] IPTV Playlist Generator – starting run
2026-09-01 21:42:43,398 [INFO] ============================================================
2026-09-01 21:42:43,398 [INFO] Loaded 9 channel(s) from channels.txt
2026-09-01 21:42:43,399 [INFO] --------------------------------------------------
2026-09-01 21:42:43,399 [INFO] Processing channel 1/9: PTV NEWS
2026-09-01 21:42:43,399 [INFO] Scraping: PTV NEWS (https://www.youtube.com/@PTVNewsOfficial/live)
2026-09-01 21:42:45,881 [INFO] [PTV NEWS] No active live broadcast detected
2026-09-01 21:42:45,881 [INFO] [PTV NEWS] Skipping – channel offline or scrape failed
2026-09-01 21:42:50,064 [INFO] --------------------------------------------------
2026-09-01 21:42:50,064 [INFO] Processing channel 2/9: NatGeoANimals
2026-09-01 21:42:50,064 [INFO] Scraping: NatGeoANimals (https://www.youtube.com/@NatGeoAnimals/live)
2026-09-01 21:42:52,315 [INFO] [NatGeoANimals] No active live broadcast detected
2026-09-01 21:42:52,316 [INFO] [NatGeoANimals] Skipping – channel offline or scrape failed
2026-09-01 21:42:55,763 [INFO] --------------------------------------------------
2026-09-01 21:42:55,763 [INFO] Processing channel 3/9: GeoNews
2026-09-01 21:42:55,763 [INFO] Scraping: GeoNews (https://www.youtube.com/@geonews/live)
2026-09-01 21:42:58,467 [INFO] [GeoNews] No active live broadcast detected
2026-09-01 21:42:58,468 [INFO] [GeoNews] Skipping – channel offline or scrape failed
2026-09-01 21:43:01,178 [INFO] --------------------------------------------------
2026-09-01 21:43:01,178 [INFO] Processing channel 4/9: AryNews
2026-09-01 21:43:01,178 [INFO] Scraping: AryNews (https://www.youtube.com/@ArynewsTvofficial/live)
2026-09-01 21:43:03,015 [INFO] [AryNews] No active live broadcast detected
2026-09-01 21:43:03,016 [INFO] [AryNews] Skipping – channel offline or scrape failed
2026-09-01 21:43:05,066 [INFO] --------------------------------------------------
2026-09-01 21:43:05,066 [INFO] Processing channel 5/9: AryDigitalAsia
2026-09-01 21:43:05,066 [INFO] Scraping: AryDigitalAsia (https://www.youtube.com/@ARYDigitalasia/live)
2026-09-01 21:43:07,483 [INFO] [AryDigitalAsia] No active live broadcast detected
2026-09-01 21:43:07,483 [INFO] [AryDigitalAsia] Skipping – channel offline or scrape failed
2026-09-01 21:43:09,792 [INFO] --------------------------------------------------
2026-09-01 21:43:09,792 [INFO] Processing channel 6/9: SamaaTv
2026-09-01 21:43:09,793 [INFO] Scraping: SamaaTv (https://www.youtube.com/@Samaatv/live)
2026-09-01 21:43:12,146 [INFO] [SamaaTv] No active live broadcast detected
2026-09-01 21:43:12,146 [INFO] [SamaaTv] Skipping – channel offline or scrape failed
2026-09-01 21:43:14,208 [INFO] --------------------------------------------------
2026-09-01 21:43:14,209 [INFO] Processing channel 7/9: DunyaNews
2026-09-01 21:43:14,209 [INFO] Scraping: DunyaNews (https://www.youtube.com/@DunyanewsOfficial/live)
2026-09-01 21:43:16,107 [INFO] [DunyaNews] No active live broadcast detected
2026-09-01 21:43:16,107 [INFO] [DunyaNews] Skipping – channel offline or scrape failed
2026-09-01 21:43:19,312 [INFO] --------------------------------------------------
2026-09-01 21:43:19,313 [INFO] Processing channel 8/9: ExpressNews
2026-09-01 21:43:19,313 [INFO] Scraping: ExpressNews (https://www.youtube.com/@ExpressNewspkofficial/live)
2026-09-01 21:43:21,547 [INFO] [ExpressNews] No active live broadcast detected
2026-09-01 21:43:21,547 [INFO] [ExpressNews] Skipping – channel offline or scrape failed
2026-09-01 21:43:24,327 [INFO] --------------------------------------------------
2026-09-01 21:43:24,327 [INFO] Processing channel 9/9: PakistanGlobal
2026-09-01 21:43:24,327 [INFO] Scraping: PakistanGlobal (https://www.youtube.com/@pakistantvglobal/live)
2026-09-01 21:43:26,199 [INFO] [PakistanGlobal] No active live broadcast detected
2026-09-01 21:43:26,199 [INFO] [PakistanGlobal] Skipping – channel offline or scrape failed
2026-09-01 21:43:26,199 [INFO] ============================================================
2026-09-01 21:43:26,199 [INFO] Run complete – live: 0 | offline: 9 | failed: 0
2026-09-01 21:43:26,199 [WARNING] No live streams found – playlist not updated
2026-09-01 21:43:26,200 [INFO] Status written to playlist_status.json
2026-09-01 23:59:05,905 [INFO] ============================================================
2026-09-01 23:59:05,905 [INFO] IPTV Playlist Generator – starting run
2026-09-01 23:59:05,905 [INFO] ============================================================
2026-09-01 23:59:05,905 [INFO] Loaded 9 channel(s) from channels.txt
2026-09-01 23:59:05,905 [INFO] --------------------------------------------------
2026-09-01 23:59:05,906 [INFO] Processing channel 1/9: PTV NEWS
2026-09-01 23:59:05,906 [INFO] Scraping: PTV NEWS (https://www.youtube.com/@PTVNewsOfficial/live)
2026-09-01 23:59:07,490 [INFO] [PTV NEWS] No active live broadcast detected
2026-09-01 23:59:07,490 [INFO] [PTV NEWS] Skipping – channel offline or scrape failed
2026-09-01 23:59:10,759 [INFO] --------------------------------------------------
2026-09-01 23:59:10,759 [INFO] Processing channel 2/9: NatGeoANimals
2026-09-01 23:59:10,759 [INFO] Scraping: NatGeoANimals (https://www.youtube.com/@NatGeoAnimals/live)
2026-09-01 23:59:12,440 [INFO] [NatGeoANimals] No active live broadcast detected
2026-09-01 23:59:12,440 [INFO] [NatGeoANimals] Skipping – channel offline or scrape failed
2026-09-01 23:59:17,233 [INFO] --------------------------------------------------
2026-09-01 23:59:17,233 [INFO] Processing channel 3/9: GeoNews
2026-09-01 23:59:17,233 [INFO] Scraping: GeoNews (https://www.youtube.com/@geonews/live)
2026-09-01 23:59:19,021 [INFO] [GeoNews] No active live broadcast detected
2026-09-01 23:59:19,021 [INFO] [GeoNews] Skipping – channel offline or scrape failed
2026-09-01 23:59:21,236 [INFO] --------------------------------------------------
2026-09-01 23:59:21,236 [INFO] Processing channel 4/9: AryNews
2026-09-01 23:59:21,236 [INFO] Scraping: AryNews (https://www.youtube.com/@ArynewsTvofficial/live)
2026-09-01 23:59:23,546 [INFO] [AryNews] No active live broadcast detected
2026-09-01 23:59:23,546 [INFO] [AryNews] Skipping – channel offline or scrape failed
2026-09-01 23:59:26,986 [INFO] --------------------------------------------------
2026-09-01 23:59:26,986 [INFO] Processing channel 5/9: AryDigitalAsia
2026-09-01 23:59:26,986 [INFO] Scraping: AryDigitalAsia (https://www.youtube.com/@ARYDigitalasia/live)
2026-09-01 23:59:29,314 [INFO] [AryDigitalAsia] No active live broadcast detected
2026-09-01 23:59:29,314 [INFO] [AryDigitalAsia] Skipping – channel offline or scrape failed
2026-09-01 23:59:31,624 [INFO] --------------------------------------------------
2026-09-01 23:59:31,624 [INFO] Processing channel 6/9: SamaaTv
2026-09-01 23:59:31,624 [INFO] Scraping: SamaaTv (https://www.youtube.com/@Samaatv/live)
2026-09-01 23:59:33,684 [INFO] [SamaaTv] No active live broadcast detected
2026-09-01 23:59:33,684 [INFO] [SamaaTv] Skipping – channel offline or scrape failed
2026-09-01 23:59:37,678 [INFO] --------------------------------------------------
2026-09-01 23:59:37,678 [INFO] Processing channel 7/9: DunyaNews
2026-09-01 23:59:37,678 [INFO] Scraping: DunyaNews (https://www.youtube.com/@DunyanewsOfficial/live)
2026-09-01 23:59:39,327 [INFO] [DunyaNews] No active live broadcast detected
2026-09-01 23:59:39,327 [INFO] [DunyaNews] Skipping – channel offline or scrape failed
2026-09-01 23:59:42,414 [INFO] --------------------------------------------------
2026-09-01 23:59:42,414 [INFO] Processing channel 8/9: ExpressNews
2026-09-01 23:59:42,414 [INFO] Scraping: ExpressNews (https://www.youtube.com/@ExpressNewspkofficial/live)
2026-09-01 23:59:44,543 [INFO] [ExpressNews] No active live broadcast detected
2026-09-01 23:59:44,543 [INFO] [ExpressNews] Skipping – channel offline or scrape failed
2026-09-01 23:59:48,319 [INFO] --------------------------------------------------
2026-09-01 23:59:48,319 [INFO] Processing channel 9/9: PakistanGlobal
2026-09-01 23:59:48,319 [INFO] Scraping: PakistanGlobal (https://www.youtube.com/@pakistantvglobal/live)
2026-09-01 23:59:50,107 [INFO] [PakistanGlobal] No active live broadcast detected
2026-09-01 23:59:50,108 [INFO] [PakistanGlobal] Skipping – channel offline or scrape failed
2026-09-01 23:59:50,108 [INFO] ============================================================
2026-09-01 23:59:50,108 [INFO] Run complete – live: 0 | offline: 9 | failed: 0
2026-09-01 23:59:50,108 [WARNING] No live streams found – playlist not updated
2026-09-01 23:59:50,108 [INFO] Status written to playlist_status.json
2026-09-02 04:15:45,794 [INFO] ============================================================
2026-09-02 04:15:45,794 [INFO] IPTV Playlist Generator – starting run
2026-09-02 04:15:45,794 [INFO] ============================================================
2026-09-02 04:15:45,794 [INFO] Loaded 9 channel(s) from channels.txt
2026-09-02 04:15:45,794 [INFO] --------------------------------------------------
2026-09-02 04:15:45,794 [INFO] Processing channel 1/9: PTV NEWS
2026-09-02 04:15:45,794 [INFO] Scraping: PTV NEWS (https://www.youtube.com/@PTVNewsOfficial/live)
2026-09-02 04:15:47,342 [INFO] [PTV NEWS] No active live broadcast detected
2026-09-02 04:15:47,342 [INFO] [PTV NEWS] Skipping – channel offline or scrape failed
2026-09-02 04:15:50,919 [INFO] --------------------------------------------------
2026-09-02 04:15:50,919 [INFO] Processing channel 2/9: NatGeoANimals
2026-09-02 04:15:50,919 [INFO] Scraping: NatGeoANimals (https://www.youtube.com/@NatGeoAnimals/live)
2026-09-02 04:15:52,927 [INFO] [NatGeoANimals] No active live broadcast detected
2026-09-02 04:15:52,927 [INFO] [NatGeoANimals] Skipping – channel offline or scrape failed
2026-09-02 04:15:56,571 [INFO] --------------------------------------------------
2026-09-02 04:15:56,571 [INFO] Processing channel 3/9: GeoNews
2026-09-02 04:15:56,572 [INFO] Scraping: GeoNews (https://www.youtube.com/@geonews/live)
2026-09-02 04:15:57,759 [INFO] [GeoNews] No active live broadcast detected
2026-09-02 04:15:57,759 [INFO] [GeoNews] Skipping – channel offline or scrape failed
2026-09-02 04:16:01,106 [INFO] --------------------------------------------------
2026-09-02 04:16:01,107 [INFO] Processing channel 4/9: AryNews
2026-09-02 04:16:01,107 [INFO] Scraping: AryNews (https://www.youtube.com/@ArynewsTvofficial/live)
2026-09-02 04:16:02,848 [INFO] [AryNews] No active live broadcast detected
2026-09-02 04:16:02,849 [INFO] [AryNews] Skipping – channel offline or scrape failed
2026-09-02 04:16:06,776 [INFO] --------------------------------------------------
2026-09-02 04:16:06,776 [INFO] Processing channel 5/9: AryDigitalAsia
2026-09-02 04:16:06,776 [INFO] Scraping: AryDigitalAsia (https://www.youtube.com/@ARYDigitalasia/live)
2026-09-02 04:16:08,320 [INFO] [AryDigitalAsia] No active live broadcast detected
2026-09-02 04:16:08,321 [INFO] [AryDigitalAsia] Skipping – channel offline or scrape failed
2026-09-02 04:16:12,721 [INFO] --------------------------------------------------
2026-09-02 04:16:12,721 [INFO] Processing channel 6/9: SamaaTv
2026-09-02 04:16:12,721 [INFO] Scraping: SamaaTv (https://www.youtube.com/@Samaatv/live)
2026-09-02 04:16:14,109 [INFO] [SamaaTv] No active live broadcast detected
2026-09-02 04:16:14,109 [INFO] [SamaaTv] Skipping – channel offline or scrape failed
2026-09-02 04:16:18,793 [INFO] --------------------------------------------------
2026-09-02 04:16:18,793 [INFO] Processing channel 7/9: DunyaNews
2026-09-02 04:16:18,793 [INFO] Scraping: DunyaNews (https://www.youtube.com/@DunyanewsOfficial/live)
2026-09-02 04:16:20,867 [INFO] [DunyaNews] No active live broadcast detected
2026-09-02 04:16:20,867 [INFO] [DunyaNews] Skipping – channel offline or scrape failed
2026-09-02 04:16:24,260 [INFO] --------------------------------------------------
2026-09-02 04:16:24,260 [INFO] Processing channel 8/9: ExpressNews
2026-09-02 04:16:24,260 [INFO] Scraping: ExpressNews (https://www.youtube.com/@ExpressNewspkofficial/live)
2026-09-02 04:16:25,593 [INFO] [ExpressNews] No active live broadcast detected
2026-09-02 04:16:25,594 [INFO] [ExpressNews] Skipping – channel offline or scrape failed
2026-09-02 04:16:27,764 [INFO] --------------------------------------------------
2026-09-02 04:16:27,764 [INFO] Processing channel 9/9: PakistanGlobal
2026-09-02 04:16:27,764 [INFO] Scraping: PakistanGlobal (https://www.youtube.com/@pakistantvglobal/live)
2026-09-02 04:16:29,259 [INFO] [PakistanGlobal] No active live broadcast detected
2026-09-02 04:16:29,259 [INFO] [PakistanGlobal] Skipping – channel offline or scrape failed
2026-09-02 04:16:29,259 [INFO] ============================================================
2026-09-02 04:16:29,259 [INFO] Run complete – live: 0 | offline: 9 | failed: 0
2026-09-02 04:16:29,259 [WARNING] No live streams found – playlist not updated
2026-09-02 04:16:29,260 [INFO] Status written to playlist_status.json
2026-09-02 09:28:02,298 [INFO] ============================================================
2026-09-02 09:28:02,298 [INFO] IPTV Playlist Generator – starting run
2026-09-02 09:28:02,298 [INFO] ============================================================
2026-09-02 09:28:02,298 [INFO] Loaded 9 channel(s) from channels.txt
2026-09-02 09:28:02,298 [INFO] --------------------------------------------------
2026-09-02 09:28:02,298 [INFO] Processing channel 1/9: PTV NEWS
2026-09-02 09:28:02,299 [INFO] Scraping: PTV NEWS (https://www.youtube.com/@PTVNewsOfficial/live)
2026-09-02 09:28:03,729 [INFO] [PTV NEWS] No active live broadcast detected
2026-09-02 09:28:03,729 [INFO] [PTV NEWS] Skipping – channel offline or scrape failed
2026-09-02 09:28:05,890 [INFO] --------------------------------------------------
2026-09-02 09:28:05,890 [INFO] Processing channel 2/9: NatGeoANimals
2026-09-02 09:28:05,890 [INFO] Scraping: NatGeoANimals (https://www.youtube.com/@NatGeoAnimals/live)
2026-09-02 09:28:07,872 [INFO] [NatGeoANimals] No active live broadcast detected
2026-09-02 09:28:07,872 [INFO] [NatGeoANimals] Skipping – channel offline or scrape failed
2026-09-02 09:28:11,008 [INFO] --------------------------------------------------
2026-09-02 09:28:11,009 [INFO] Processing channel 3/9: GeoNews
2026-09-02 09:28:11,009 [INFO] Scraping: GeoNews (https://www.youtube.com/@geonews/live)
2026-09-02 09:28:12,923 [INFO] [GeoNews] No active live broadcast detected
2026-09-02 09:28:12,923 [INFO] [GeoNews] Skipping – channel offline or scrape failed
2026-09-02 09:28:17,169 [INFO] --------------------------------------------------
2026-09-02 09:28:17,169 [INFO] Processing channel 4/9: AryNews
2026-09-02 09:28:17,169 [INFO] Scraping: AryNews (https://www.youtube.com/@ArynewsTvofficial/live)
2026-09-02 09:28:18,807 [INFO] [AryNews] No active live broadcast detected
2026-09-02 09:28:18,808 [INFO] [AryNews] Skipping – channel offline or scrape failed
2026-09-02 09:28:23,767 [INFO] --------------------------------------------------
2026-09-02 09:28:23,768 [INFO] Processing channel 5/9: AryDigitalAsia
2026-09-02 09:28:23,768 [INFO] Scraping: AryDigitalAsia (https://www.youtube.com/@ARYDigitalasia/live)
2026-09-02 09:28:25,660 [INFO] [AryDigitalAsia] No active live broadcast detected
2026-09-02 09:28:25,661 [INFO] [AryDigitalAsia] Skipping – channel offline or scrape failed
2026-09-02 09:28:29,059 [INFO] --------------------------------------------------
2026-09-02 09:28:29,059 [INFO] Processing channel 6/9: SamaaTv
2026-09-02 09:28:29,059 [INFO] Scraping: SamaaTv (https://www.youtube.com/@Samaatv/live)
2026-09-02 09:28:30,854 [INFO] [SamaaTv] No active live broadcast detected
2026-09-02 09:28:30,855 [INFO] [SamaaTv] Skipping – channel offline or scrape failed
2026-09-02 09:28:34,988 [INFO] --------------------------------------------------
2026-09-02 09:28:34,988 [INFO] Processing channel 7/9: DunyaNews
2026-09-02 09:28:34,988 [INFO] Scraping: DunyaNews (https://www.youtube.com/@DunyanewsOfficial/live)
2026-09-02 09:28:36,276 [INFO] [DunyaNews] No active live broadcast detected
2026-09-02 09:28:36,276 [INFO] [DunyaNews] Skipping – channel offline or scrape failed
2026-09-02 09:28:40,078 [INFO] --------------------------------------------------
2026-09-02 09:28:40,078 [INFO] Processing channel 8/9: ExpressNews
2026-09-02 09:28:40,078 [INFO] Scraping: ExpressNews (https://www.youtube.com/@ExpressNewspkofficial/live)
2026-09-02 09:28:41,639 [INFO] [ExpressNews] No active live broadcast detected
2026-09-02 09:28:41,639 [INFO] [ExpressNews] Skipping – channel offline or scrape failed
2026-09-02 09:28:46,091 [INFO] --------------------------------------------------
2026-09-02 09:28:46,092 [INFO] Processing channel 9/9: PakistanGlobal
2026-09-02 09:28:46,092 [INFO] Scraping: PakistanGlobal (https://www.youtube.com/@pakistantvglobal/live)
2026-09-02 09:28:48,014 [INFO] [PakistanGlobal] No active live broadcast detected
2026-09-02 09:28:48,015 [INFO] [PakistanGlobal] Skipping – channel offline or scrape failed
2026-09-02 09:28:48,015 [INFO] ============================================================
2026-09-02 09:28:48,015 [INFO] Run complete – live: 0 | offline: 9 | failed: 0
2026-09-02 09:28:48,015 [WARNING] No live streams found – playlist not updated
2026-09-02 09:28:48,015 [INFO] Status written to playlist_status.json
2026-09-02 14:20:40,447 [INFO] ============================================================
2026-09-02 14:20:40,447 [INFO] IPTV Playlist Generator – starting run
2026-09-02 14:20:40,447 [INFO] ============================================================
2026-09-02 14:20:40,447 [INFO] Loaded 9 channel(s) from channels.txt
2026-09-02 14:20:40,447 [INFO] --------------------------------------------------
2026-09-02 14:20:40,447 [INFO] Processing channel 1/9: PTV NEWS
2026-09-02 14:20:40,447 [INFO] Scraping: PTV NEWS (https://www.youtube.com/@PTVNewsOfficial/live)
2026-09-02 14:20:41,991 [INFO] [PTV NEWS] No active live broadcast detected
2026-09-02 14:20:41,991 [INFO] [PTV NEWS] Skipping – channel offline or scrape failed
2026-09-02 14:20:45,350 [INFO] --------------------------------------------------
2026-09-02 14:20:45,350 [INFO] Processing channel 2/9: NatGeoANimals
2026-09-02 14:20:45,351 [INFO] Scraping: NatGeoANimals (https://www.youtube.com/@NatGeoAnimals/live)
2026-09-02 14:20:47,141 [INFO] [NatGeoANimals] No active live broadcast detected
2026-09-02 14:20:47,141 [INFO] [NatGeoANimals] Skipping – channel offline or scrape failed
2026-09-02 14:20:51,298 [INFO] --------------------------------------------------
2026-09-02 14:20:51,298 [INFO] Processing channel 3/9: GeoNews
2026-09-02 14:20:51,298 [INFO] Scraping: GeoNews (https://www.youtube.com/@geonews/live)
2026-09-02 14:20:52,966 [INFO] [GeoNews] No active live broadcast detected
2026-09-02 14:20:52,966 [INFO] [GeoNews] Skipping – channel offline or scrape failed
2026-09-02 14:20:56,121 [INFO] --------------------------------------------------
2026-09-02 14:20:56,121 [INFO] Processing channel 4/9: AryNews
2026-09-02 14:20:56,122 [INFO] Scraping: AryNews (https://www.youtube.com/@ArynewsTvofficial/live)
2026-09-02 14:20:57,827 [INFO] [AryNews] No active live broadcast detected
2026-09-02 14:20:57,827 [INFO] [AryNews] Skipping – channel offline or scrape failed
2026-09-02 14:21:00,655 [INFO] --------------------------------------------------
2026-09-02 14:21:00,656 [INFO] Processing channel 5/9: AryDigitalAsia
2026-09-02 14:21:00,656 [INFO] Scraping: AryDigitalAsia (https://www.youtube.com/@ARYDigitalasia/live)
2026-09-02 14:21:03,010 [INFO] [AryDigitalAsia] No active live broadcast detected
2026-09-02 14:21:03,010 [INFO] [AryDigitalAsia] Skipping – channel offline or scrape failed
2026-09-02 14:21:06,125 [INFO] --------------------------------------------------
2026-09-02 14:21:06,125 [INFO] Processing channel 6/9: SamaaTv
2026-09-02 14:21:06,125 [INFO] Scraping: SamaaTv (https://www.youtube.com/@Samaatv/live)
2026-09-02 14:21:08,393 [INFO] [SamaaTv] No active live broadcast detected
2026-09-02 14:21:08,394 [INFO] [SamaaTv] Skipping – channel offline or scrape failed
2026-09-02 14:21:12,751 [INFO] --------------------------------------------------
2026-09-02 14:21:12,751 [INFO] Processing channel 7/9: DunyaNews
2026-09-02 14:21:12,751 [INFO] Scraping: DunyaNews (https://www.youtube.com/@DunyanewsOfficial/live)
2026-09-02 14:21:14,032 [INFO] [DunyaNews] No active live broadcast detected
2026-09-02 14:21:14,032 [INFO] [DunyaNews] Skipping – channel offline or scrape failed
2026-09-02 14:21:17,982 [INFO] --------------------------------------------------
2026-09-02 14:21:17,982 [INFO] Processing channel 8/9: ExpressNews
2026-09-02 14:21:17,982 [INFO] Scraping: ExpressNews (https://www.youtube.com/@ExpressNewspkofficial/live)
2026-09-02 14:21:19,652 [INFO] [ExpressNews] No active live broadcast detected
2026-09-02 14:21:19,653 [INFO] [ExpressNews] Skipping – channel offline or scrape failed
2026-09-02 14:21:22,075 [INFO] --------------------------------------------------
2026-09-02 14:21:22,075 [INFO] Processing channel 9/9: PakistanGlobal
2026-09-02 14:21:22,076 [INFO] Scraping: PakistanGlobal (https://www.youtube.com/@pakistantvglobal/live)
2026-09-02 14:21:24,248 [INFO] [PakistanGlobal] No active live broadcast detected
2026-09-02 14:21:24,249 [INFO] [PakistanGlobal] Skipping – channel offline or scrape failed
2026-09-02 14:21:24,249 [INFO] ============================================================
2026-09-02 14:21:24,249 [INFO] Run complete – live: 0 | offline: 9 | failed: 0
2026-09-02 14:21:24,249 [WARNING] No live streams found – playlist not updated
2026-09-02 14:21:24,249 [INFO] Status written to playlist_status.json
2026-09-02 18:33:57,150 [INFO] ============================================================
2026-09-02 18:33:57,150 [INFO] IPTV Playlist Generator – starting run
2026-09-02 18:33:57,150 [INFO] ============================================================
2026-09-02 18:33:57,150 [INFO] Loaded 9 channel(s) from channels.txt
2026-09-02 18:33:57,151 [INFO] --------------------------------------------------
2026-09-02 18:33:57,151 [INFO] Processing channel 1/9: PTV NEWS
2026-09-02 18:33:57,151 [INFO] Scraping: PTV NEWS (https://www.youtube.com/@PTVNewsOfficial/live)
2026-09-02 18:33:59,218 [INFO] [PTV NEWS] No active live broadcast detected
2026-09-02 18:33:59,218 [INFO] [PTV NEWS] Skipping – channel offline or scrape failed
2026-09-02 18:34:04,183 [INFO] --------------------------------------------------
2026-09-02 18:34:04,184 [INFO] Processing channel 2/9: NatGeoANimals
2026-09-02 18:34:04,184 [INFO] Scraping: NatGeoANimals (https://www.youtube.com/@NatGeoAnimals/live)
2026-09-02 18:34:06,591 [INFO] [NatGeoANimals] No active live broadcast detected
2026-09-02 18:34:06,591 [INFO] [NatGeoANimals] Skipping – channel offline or scrape failed
2026-09-02 18:34:10,660 [INFO] --------------------------------------------------
2026-09-02 18:34:10,660 [INFO] Processing channel 3/9: GeoNews
2026-09-02 18:34:10,660 [INFO] Scraping: GeoNews (https://www.youtube.com/@geonews/live)
2026-09-02 18:34:12,584 [INFO] [GeoNews] No active live broadcast detected
2026-09-02 18:34:12,585 [INFO] [GeoNews] Skipping – channel offline or scrape failed
2026-09-02 18:34:17,124 [INFO] --------------------------------------------------
2026-09-02 18:34:17,124 [INFO] Processing channel 4/9: AryNews
2026-09-02 18:34:17,124 [INFO] Scraping: AryNews (https://www.youtube.com/@ArynewsTvofficial/live)
2026-09-02 18:34:19,299 [INFO] [AryNews] No active live broadcast detected
2026-09-02 18:34:19,299 [INFO] [AryNews] Skipping – channel offline or scrape failed
2026-09-02 18:34:22,090 [INFO] --------------------------------------------------
2026-09-02 18:34:22,090 [INFO] Processing channel 5/9: AryDigitalAsia
2026-09-02 18:34:22,090 [INFO] Scraping: AryDigitalAsia (https://www.youtube.com/@ARYDigitalasia/live)
2026-09-02 18:34:23,667 [INFO] [AryDigitalAsia] No active live broadcast detected
2026-09-02 18:34:23,667 [INFO] [AryDigitalAsia] Skipping – channel offline or scrape failed
2026-09-02 18:34:26,374 [INFO] --------------------------------------------------
2026-09-02 18:34:26,374 [INFO] Processing channel 6/9: SamaaTv
2026-09-02 18:34:26,374 [INFO] Scraping: SamaaTv (https://www.youtube.com/@Samaatv/live)
2026-09-02 18:34:28,049 [INFO] [SamaaTv] No active live broadcast detected
2026-09-02 18:34:28,050 [INFO] [SamaaTv] Skipping – channel offline or scrape failed
2026-09-02 18:34:32,670 [INFO] --------------------------------------------------
2026-09-02 18:34:32,670 [INFO] Processing channel 7/9: DunyaNews
2026-09-02 18:34:32,671 [INFO] Scraping: DunyaNews (https://www.youtube.com/@DunyanewsOfficial/live)
2026-09-02 18:34:34,400 [INFO] [DunyaNews] No active live broadcast detected
2026-09-02 18:34:34,400 [INFO] [DunyaNews] Skipping – channel offline or scrape failed
2026-09-02 18:34:37,853 [INFO] --------------------------------------------------
2026-09-02 18:34:37,853 [INFO] Processing channel 8/9: ExpressNews
2026-09-02 18:34:37,853 [INFO] Scraping: ExpressNews (https://www.youtube.com/@ExpressNewspkofficial/live)
2026-09-02 18:34:40,067 [INFO] [ExpressNews] No active live broadcast detected
2026-09-02 18:34:40,067 [INFO] [ExpressNews] Skipping – channel offline or scrape failed
2026-09-02 18:34:44,620 [INFO] --------------------------------------------------
2026-09-02 18:34:44,620 [INFO] Processing channel 9/9: PakistanGlobal
2026-09-02 18:34:44,621 [INFO] Scraping: PakistanGlobal (https://www.youtube.com/@pakistantvglobal/live)
2026-09-02 18:34:47,664 [INFO] [PakistanGlobal] No active live broadcast detected
2026-09-02 18:34:47,664 [INFO] [PakistanGlobal] Skipping – channel offline or scrape failed
2026-09-02 18:34:47,664 [INFO] ============================================================
2026-09-02 18:34:47,664 [INFO] Run complete – live: 0 | offline: 9 | failed: 0
2026-09-02 18:34:47,664 [WARNING] No live streams found – playlist not updated
2026-09-02 18:34:47,665 [INFO] Status written to playlist_status.json
2026-09-02 21:44:28,374 [INFO] ============================================================
2026-09-02 21:44:28,374 [INFO] IPTV Playlist Generator – starting run
2026-09-02 21:44:28,374 [INFO] ============================================================
2026-09-02 21:44:28,375 [INFO] Loaded 9 channel(s) from channels.txt
2026-09-02 21:44:28,375 [INFO] --------------------------------------------------
2026-09-02 21:44:28,375 [INFO] Processing channel 1/9: PTV NEWS
2026-09-02 21:44:28,375 [INFO] Scraping: PTV NEWS (https://www.youtube.com/@PTVNewsOfficial/live)
2026-09-02 21:44:30,669 [INFO] [PTV NEWS] No active live broadcast detected
2026-09-02 21:44:30,669 [INFO] [PTV NEWS] Skipping – channel offline or scrape failed
2026-09-02 21:44:34,198 [INFO] --------------------------------------------------
2026-09-02 21:44:34,198 [INFO] Processing channel 2/9: NatGeoANimals
2026-09-02 21:44:34,198 [INFO] Scraping: NatGeoANimals (https://www.youtube.com/@NatGeoAnimals/live)
2026-09-02 21:44:35,809 [INFO] [NatGeoANimals] No active live broadcast detected
2026-09-02 21:44:35,809 [INFO] [NatGeoANimals] Skipping – channel offline or scrape failed
2026-09-02 21:44:39,452 [INFO] --------------------------------------------------
2026-09-02 21:44:39,452 [INFO] Processing channel 3/9: GeoNews
2026-09-02 21:44:39,452 [INFO] Scraping: GeoNews (https://www.youtube.com/@geonews/live)
2026-09-02 21:44:40,982 [INFO] [GeoNews] No active live broadcast detected
2026-09-02 21:44:40,983 [INFO] [GeoNews] Skipping – channel offline or scrape failed
2026-09-02 21:44:43,320 [INFO] --------------------------------------------------
2026-09-02 21:44:43,320 [INFO] Processing channel 4/9: AryNews
2026-09-02 21:44:43,320 [INFO] Scraping: AryNews (https://www.youtube.com/@ArynewsTvofficial/live)
2026-09-02 21:44:46,001 [INFO] [AryNews] No active live broadcast detected
2026-09-02 21:44:46,002 [INFO] [AryNews] Skipping – channel offline or scrape failed
2026-09-02 21:44:48,388 [INFO] --------------------------------------------------
2026-09-02 21:44:48,388 [INFO] Processing channel 5/9: AryDigitalAsia
2026-09-02 21:44:48,388 [INFO] Scraping: AryDigitalAsia (https://www.youtube.com/@ARYDigitalasia/live)
2026-09-02 21:44:50,225 [INFO] [AryDigitalAsia] No active live broadcast detected
2026-09-02 21:44:50,225 [INFO] [AryDigitalAsia] Skipping – channel offline or scrape failed
2026-09-02 21:44:54,932 [INFO] --------------------------------------------------
2026-09-02 21:44:54,932 [INFO] Processing channel 6/9: SamaaTv
2026-09-02 21:44:54,932 [INFO] Scraping: SamaaTv (https://www.youtube.com/@Samaatv/live)
2026-09-02 21:44:57,396 [INFO] [SamaaTv] No active live broadcast detected
2026-09-02 21:44:57,396 [INFO] [SamaaTv] Skipping – channel offline or scrape failed
2026-09-02 21:45:01,887 [INFO] --------------------------------------------------
2026-09-02 21:45:01,887 [INFO] Processing channel 7/9: DunyaNews
2026-09-02 21:45:01,887 [INFO] Scraping: DunyaNews (https://www.youtube.com/@DunyanewsOfficial/live)
2026-09-02 21:45:04,166 [INFO] [DunyaNews] No active live broadcast detected
2026-09-02 21:45:04,166 [INFO] [DunyaNews] Skipping – channel offline or scrape failed
2026-09-02 21:45:07,530 [INFO] --------------------------------------------------
2026-09-02 21:45:07,530 [INFO] Processing channel 8/9: ExpressNews
2026-09-02 21:45:07,530 [INFO] Scraping: ExpressNews (https://www.youtube.com/@ExpressNewspkofficial/live)
2026-09-02 21:45:09,636 [INFO] [ExpressNews] No active live broadcast detected
2026-09-02 21:45:09,636 [INFO] [ExpressNews] Skipping – channel offline or scrape failed
2026-09-02 21:45:14,068 [INFO] --------------------------------------------------
2026-09-02 21:45:14,068 [INFO] Processing channel 9/9: PakistanGlobal
2026-09-02 21:45:14,068 [INFO] Scraping: PakistanGlobal (https://www.youtube.com/@pakistantvglobal/live)
2026-09-02 21:45:16,285 [INFO] [PakistanGlobal] No active live broadcast detected
2026-09-02 21:45:16,285 [INFO] [PakistanGlobal] Skipping – channel offline or scrape failed
2026-09-02 21:45:16,285 [INFO] ============================================================
2026-09-02 21:45:16,285 [INFO] Run complete – live: 0 | offline: 9 | failed: 0
2026-09-02 21:45:16,285 [WARNING] No live streams found – playlist not updated
2026-09-02 21:45:16,285 [INFO] Status written to playlist_status.json
2026-09-03 00:01:59,661 [INFO] ============================================================
2026-09-03 00:01:59,661 [INFO] IPTV Playlist Generator – starting run
2026-09-03 00:01:59,661 [INFO] ============================================================
2026-09-03 00:01:59,661 [INFO] Loaded 9 channel(s) from channels.txt
2026-09-03 00:01:59,662 [INFO] --------------------------------------------------
2026-09-03 00:01:59,662 [INFO] Processing channel 1/9: PTV NEWS
2026-09-03 00:01:59,662 [INFO] Scraping: PTV NEWS (https://www.youtube.com/@PTVNewsOfficial/live)
2026-09-03 00:02:01,463 [INFO] [PTV NEWS] No active live broadcast detected
2026-09-03 00:02:01,464 [INFO] [PTV NEWS] Skipping – channel offline or scrape failed
2026-09-03 00:02:05,054 [INFO] --------------------------------------------------
2026-09-03 00:02:05,054 [INFO] Processing channel 2/9: NatGeoANimals
2026-09-03 00:02:05,054 [INFO] Scraping: NatGeoANimals (https://www.youtube.com/@NatGeoAnimals/live)
2026-09-03 00:02:06,478 [INFO] [NatGeoANimals] No active live broadcast detected
2026-09-03 00:02:06,478 [INFO] [NatGeoANimals] Skipping – channel offline or scrape failed
2026-09-03 00:02:10,621 [INFO] --------------------------------------------------
2026-09-03 00:02:10,621 [INFO] Processing channel 3/9: GeoNews
2026-09-03 00:02:10,621 [INFO] Scraping: GeoNews (https://www.youtube.com/@geonews/live)
2026-09-03 00:02:12,483 [INFO] [GeoNews] No active live broadcast detected
2026-09-03 00:02:12,483 [INFO] [GeoNews] Skipping – channel offline or scrape failed
2026-09-03 00:02:14,719 [INFO] --------------------------------------------------
2026-09-03 00:02:14,719 [INFO] Processing channel 4/9: AryNews
2026-09-03 00:02:14,719 [INFO] Scraping: AryNews (https://www.youtube.com/@ArynewsTvofficial/live)
2026-09-03 00:02:16,819 [INFO] [AryNews] No active live broadcast detected
2026-09-03 00:02:16,819 [INFO] [AryNews] Skipping – channel offline or scrape failed
2026-09-03 00:02:21,660 [INFO] --------------------------------------------------
2026-09-03 00:02:21,660 [INFO] Processing channel 5/9: AryDigitalAsia
2026-09-03 00:02:21,660 [INFO] Scraping: AryDigitalAsia (https://www.youtube.com/@ARYDigitalasia/live)
2026-09-03 00:02:23,593 [INFO] [AryDigitalAsia] No active live broadcast detected
2026-09-03 00:02:23,593 [INFO] [AryDigitalAsia] Skipping – channel offline or scrape failed
2026-09-03 00:02:27,136 [INFO] --------------------------------------------------
2026-09-03 00:02:27,136 [INFO] Processing channel 6/9: SamaaTv
2026-09-03 00:02:27,136 [INFO] Scraping: SamaaTv (https://www.youtube.com/@Samaatv/live)
2026-09-03 00:02:29,215 [INFO] [SamaaTv] No active live broadcast detected
2026-09-03 00:02:29,215 [INFO] [SamaaTv] Skipping – channel offline or scrape failed
2026-09-03 00:02:31,483 [INFO] --------------------------------------------------
2026-09-03 00:02:31,483 [INFO] Processing channel 7/9: DunyaNews
2026-09-03 00:02:31,483 [INFO] Scraping: DunyaNews (https://www.youtube.com/@DunyanewsOfficial/live)
2026-09-03 00:02:33,550 [INFO] [DunyaNews] No active live broadcast detected
2026-09-03 00:02:33,551 [INFO] [DunyaNews] Skipping – channel offline or scrape failed
2026-09-03 00:02:36,352 [INFO] --------------------------------------------------
2026-09-03 00:02:36,352 [INFO] Processing channel 8/9: ExpressNews
2026-09-03 00:02:36,353 [INFO] Scraping: ExpressNews (https://www.youtube.com/@ExpressNewspkofficial/live)
2026-09-03 00:02:37,893 [INFO] [ExpressNews] No active live broadcast detected
2026-09-03 00:02:37,893 [INFO] [ExpressNews] Skipping – channel offline or scrape failed
2026-09-03 00:02:42,242 [INFO] --------------------------------------------------
2026-09-03 00:02:42,242 [INFO] Processing channel 9/9: PakistanGlobal
2026-09-03 00:02:42,242 [INFO] Scraping: PakistanGlobal (https://www.youtube.com/@pakistantvglobal/live)
2026-09-03 00:02:43,853 [INFO] [PakistanGlobal] No active live broadcast detected
2026-09-03 00:02:43,853 [INFO] [PakistanGlobal] Skipping – channel offline or scrape failed
2026-09-03 00:02:43,853 [INFO] ============================================================
2026-09-03 00:02:43,853 [INFO] Run complete – live: 0 | offline: 9 | failed: 0
2026-09-03 00:02:43,853 [WARNING] No live streams found – playlist not updated
2026-09-03 00:02:43,854 [INFO] Status written to playlist_status.json
2026-09-03 04:11:48,830 [INFO] ============================================================
2026-09-03 04:11:48,830 [INFO] IPTV Playlist Generator – starting run
2026-09-03 04:11:48,831 [INFO] ============================================================
2026-09-03 04:11:48,831 [INFO] Loaded 9 channel(s) from channels.txt
2026-09-03 04:11:48,831 [INFO] --------------------------------------------------
2026-09-03 04:11:48,831 [INFO] Processing channel 1/9: PTV NEWS
2026-09-03 04:11:48,831 [INFO] Scraping: PTV NEWS (https://www.youtube.com/@PTVNewsOfficial/live)
2026-09-03 04:11:50,216 [INFO] [PTV NEWS] No active live broadcast detected
2026-09-03 04:11:50,216 [INFO] [PTV NEWS] Skipping – channel offline or scrape failed
2026-09-03 04:11:53,573 [INFO] --------------------------------------------------
2026-09-03 04:11:53,573 [INFO] Processing channel 2/9: NatGeoANimals
2026-09-03 04:11:53,573 [INFO] Scraping: NatGeoANimals (https://www.youtube.com/@NatGeoAnimals/live)
2026-09-03 04:11:55,440 [INFO] [NatGeoANimals] No active live broadcast detected
2026-09-03 04:11:55,440 [INFO] [NatGeoANimals] Skipping – channel offline or scrape failed
2026-09-03 04:11:59,511 [INFO] --------------------------------------------------
2026-09-03 04:11:59,511 [INFO] Processing channel 3/9: GeoNews
2026-09-03 04:11:59,511 [INFO] Scraping: GeoNews (https://www.youtube.com/@geonews/live)
2026-09-03 04:12:01,162 [INFO] [GeoNews] No active live broadcast detected
2026-09-03 04:12:01,162 [INFO] [GeoNews] Skipping – channel offline or scrape failed
2026-09-03 04:12:04,193 [INFO] --------------------------------------------------
2026-09-03 04:12:04,193 [INFO] Processing channel 4/9: AryNews
2026-09-03 04:12:04,193 [INFO] Scraping: AryNews (https://www.youtube.com/@ArynewsTvofficial/live)
2026-09-03 04:12:05,899 [INFO] [AryNews] No active live broadcast detected
2026-09-03 04:12:05,899 [INFO] [AryNews] Skipping – channel offline or scrape failed
2026-09-03 04:12:08,575 [INFO] --------------------------------------------------
2026-09-03 04:12:08,575 [INFO] Processing channel 5/9: AryDigitalAsia
2026-09-03 04:12:08,575 [INFO] Scraping: AryDigitalAsia (https://www.youtube.com/@ARYDigitalasia/live)
2026-09-03 04:12:10,455 [INFO] [AryDigitalAsia] No active live broadcast detected
2026-09-03 04:12:10,455 [INFO] [AryDigitalAsia] Skipping – channel offline or scrape failed
2026-09-03 04:12:12,811 [INFO] --------------------------------------------------
2026-09-03 04:12:12,811 [INFO] Processing channel 6/9: SamaaTv
2026-09-03 04:12:12,811 [INFO] Scraping: SamaaTv (https://www.youtube.com/@Samaatv/live)
2026-09-03 04:12:14,833 [INFO] [SamaaTv] No active live broadcast detected
2026-09-03 04:12:14,833 [INFO] [SamaaTv] Skipping – channel offline or scrape failed
2026-09-03 04:12:17,494 [INFO] --------------------------------------------------
2026-09-03 04:12:17,494 [INFO] Processing channel 7/9: DunyaNews
2026-09-03 04:12:17,494 [INFO] Scraping: DunyaNews (https://www.youtube.com/@DunyanewsOfficial/live)
2026-09-03 04:12:19,371 [INFO] [DunyaNews] No active live broadcast detected
2026-09-03 04:12:19,371 [INFO] [DunyaNews] Skipping – channel offline or scrape failed
2026-09-03 04:12:24,321 [INFO] --------------------------------------------------
2026-09-03 04:12:24,321 [INFO] Processing channel 8/9: ExpressNews
2026-09-03 04:12:24,321 [INFO] Scraping: ExpressNews (https://www.youtube.com/@ExpressNewspkofficial/live)
2026-09-03 04:12:26,658 [INFO] [ExpressNews] No active live broadcast detected
2026-09-03 04:12:26,659 [INFO] [ExpressNews] Skipping – channel offline or scrape failed
2026-09-03 04:12:30,009 [INFO] --------------------------------------------------
2026-09-03 04:12:30,010 [INFO] Processing channel 9/9: PakistanGlobal
2026-09-03 04:12:30,010 [INFO] Scraping: PakistanGlobal (https://www.youtube.com/@pakistantvglobal/live)
2026-09-03 04:12:31,714 [INFO] [PakistanGlobal] No active live broadcast detected
2026-09-03 04:12:31,714 [INFO] [PakistanGlobal] Skipping – channel offline or scrape failed
2026-09-03 04:12:31,714 [INFO] ============================================================
2026-09-03 04:12:31,714 [INFO] Run complete – live: 0 | offline: 9 | failed: 0
2026-09-03 04:12:31,714 [WARNING] No live streams found – playlist not updated
2026-09-03 04:12:31,714 [INFO] Status written to playlist_status.json
2026-09-03 09:37:38,893 [INFO] ============================================================
2026-09-03 09:37:38,893 [INFO] IPTV Playlist Generator – starting run
2026-09-03 09:37:38,893 [INFO] ============================================================
2026-09-03 09:37:38,893 [INFO] Loaded 9 channel(s) from channels.txt
2026-09-03 09:37:38,893 [INFO] --------------------------------------------------
2026-09-03 09:37:38,893 [INFO] Processing channel 1/9: PTV NEWS
2026-09-03 09:37:38,893 [INFO] Scraping: PTV NEWS (https://www.youtube.com/@PTVNewsOfficial/live)
2026-09-03 09:37:40,450 [INFO] [PTV NEWS] No active live broadcast detected
2026-09-03 09:37:40,450 [INFO] [PTV NEWS] Skipping – channel offline or scrape failed
2026-09-03 09:37:43,565 [INFO] --------------------------------------------------
2026-09-03 09:37:43,565 [INFO] Processing channel 2/9: NatGeoANimals
2026-09-03 09:37:43,565 [INFO] Scraping: NatGeoANimals (https://www.youtube.com/@NatGeoAnimals/live)
2026-09-03 09:37:45,602 [INFO] [NatGeoANimals] No active live broadcast detected
2026-09-03 09:37:45,602 [INFO] [NatGeoANimals] Skipping – channel offline or scrape failed
2026-09-03 09:37:50,210 [INFO] --------------------------------------------------
2026-09-03 09:37:50,210 [INFO] Processing channel 3/9: GeoNews
2026-09-03 09:37:50,210 [INFO] Scraping: GeoNews (https://www.youtube.com/@geonews/live)
2026-09-03 09:37:51,349 [INFO] [GeoNews] No active live broadcast detected
2026-09-03 09:37:51,349 [INFO] [GeoNews] Skipping – channel offline or scrape failed
2026-09-03 09:37:54,550 [INFO] --------------------------------------------------
2026-09-03 09:37:54,550 [INFO] Processing channel 4/9: AryNews
2026-09-03 09:37:54,550 [INFO] Scraping: AryNews (https://www.youtube.com/@ArynewsTvofficial/live)
2026-09-03 09:37:56,499 [INFO] [AryNews] No active live broadcast detected
2026-09-03 09:37:56,499 [INFO] [AryNews] Skipping – channel offline or scrape failed
2026-09-03 09:37:58,985 [INFO] --------------------------------------------------
2026-09-03 09:37:58,985 [INFO] Processing channel 5/9: AryDigitalAsia
2026-09-03 09:37:58,985 [INFO] Scraping: AryDigitalAsia (https://www.youtube.com/@ARYDigitalasia/live)
2026-09-03 09:38:00,666 [INFO] [AryDigitalAsia] No active live broadcast detected
2026-09-03 09:38:00,667 [INFO] [AryDigitalAsia] Skipping – channel offline or scrape failed
2026-09-03 09:38:04,770 [INFO] --------------------------------------------------
2026-09-03 09:38:04,771 [INFO] Processing channel 6/9: SamaaTv
2026-09-03 09:38:04,771 [INFO] Scraping: SamaaTv (https://www.youtube.com/@Samaatv/live)
2026-09-03 09:38:06,761 [INFO] [SamaaTv] No active live broadcast detected
2026-09-03 09:38:06,761 [INFO] [SamaaTv] Skipping – channel offline or scrape failed
2026-09-03 09:38:11,184 [INFO] --------------------------------------------------
2026-09-03 09:38:11,184 [INFO] Processing channel 7/9: DunyaNews
2026-09-03 09:38:11,184 [INFO] Scraping: DunyaNews (https://www.youtube.com/@DunyanewsOfficial/live)
2026-09-03 09:38:13,018 [INFO] [DunyaNews] No active live broadcast detected
2026-09-03 09:38:13,018 [INFO] [DunyaNews] Skipping – channel offline or scrape failed
2026-09-03 09:38:17,872 [INFO] --------------------------------------------------
2026-09-03 09:38:17,872 [INFO] Processing channel 8/9: ExpressNews
2026-09-03 09:38:17,872 [INFO] Scraping: ExpressNews (https://www.youtube.com/@ExpressNewspkofficial/live)
2026-09-03 09:38:19,889 [INFO] [ExpressNews] No active live broadcast detected
2026-09-03 09:38:19,890 [INFO] [ExpressNews] Skipping – channel offline or scrape failed
2026-09-03 09:38:24,237 [INFO] --------------------------------------------------
2026-09-03 09:38:24,237 [INFO] Processing channel 9/9: PakistanGlobal
2026-09-03 09:38:24,237 [INFO] Scraping: PakistanGlobal (https://www.youtube.com/@pakistantvglobal/live)
2026-09-03 09:38:25,679 [INFO] [PakistanGlobal] No active live broadcast detected
2026-09-03 09:38:25,679 [INFO] [PakistanGlobal] Skipping – channel offline or scrape failed
2026-09-03 09:38:25,680 [INFO] ============================================================
2026-09-03 09:38:25,680 [INFO] Run complete – live: 0 | offline: 9 | failed: 0
2026-09-03 09:38:25,680 [WARNING] No live streams found – playlist not updated
2026-09-03 09:38:25,680 [INFO] Status written to playlist_status.json
2026-09-03 14:23:18,562 [INFO] ============================================================
2026-09-03 14:23:18,562 [INFO] IPTV Playlist Generator – starting run
2026-09-03 14:23:18,562 [INFO] ============================================================
2026-09-03 14:23:18,563 [INFO] Loaded 9 channel(s) from channels.txt
2026-09-03 14:23:18,563 [INFO] --------------------------------------------------
2026-09-03 14:23:18,563 [INFO] Processing channel 1/9: PTV NEWS
2026-09-03 14:23:18,563 [INFO] Scraping: PTV NEWS (https://www.youtube.com/@PTVNewsOfficial/live)
2026-09-03 14:23:20,843 [INFO] [PTV NEWS] No active live broadcast detected
2026-09-03 14:23:20,843 [INFO] [PTV NEWS] Skipping – channel offline or scrape failed
2026-09-03 14:23:24,863 [INFO] --------------------------------------------------
2026-09-03 14:23:24,863 [INFO] Processing channel 2/9: NatGeoANimals
2026-09-03 14:23:24,863 [INFO] Scraping: NatGeoANimals (https://www.youtube.com/@NatGeoAnimals/live)
2026-09-03 14:23:26,581 [INFO] [NatGeoANimals] No active live broadcast detected
2026-09-03 14:23:26,581 [INFO] [NatGeoANimals] Skipping – channel offline or scrape failed
2026-09-03 14:23:30,967 [INFO] --------------------------------------------------
2026-09-03 14:23:30,967 [INFO] Processing channel 3/9: GeoNews
2026-09-03 14:23:30,967 [INFO] Scraping: GeoNews (https://www.youtube.com/@geonews/live)
2026-09-03 14:23:32,858 [INFO] [GeoNews] No active live broadcast detected
2026-09-03 14:23:32,858 [INFO] [GeoNews] Skipping – channel offline or scrape failed
2026-09-03 14:23:34,879 [INFO] --------------------------------------------------
2026-09-03 14:23:34,879 [INFO] Processing channel 4/9: AryNews
2026-09-03 14:23:34,879 [INFO] Scraping: AryNews (https://www.youtube.com/@ArynewsTvofficial/live)
2026-09-03 14:23:36,960 [INFO] [AryNews] No active live broadcast detected
2026-09-03 14:23:36,960 [INFO] [AryNews] Skipping – channel offline or scrape failed
2026-09-03 14:23:41,446 [INFO] --------------------------------------------------
2026-09-03 14:23:41,446 [INFO] Processing channel 5/9: AryDigitalAsia
2026-09-03 14:23:41,447 [INFO] Scraping: AryDigitalAsia (https://www.youtube.com/@ARYDigitalasia/live)
2026-09-03 14:23:42,998 [INFO] [AryDigitalAsia] No active live broadcast detected
2026-09-03 14:23:42,998 [INFO] [AryDigitalAsia] Skipping – channel offline or scrape failed
2026-09-03 14:23:46,273 [INFO] --------------------------------------------------
2026-09-03 14:23:46,273 [INFO] Processing channel 6/9: SamaaTv
2026-09-03 14:23:46,273 [INFO] Scraping: SamaaTv (https://www.youtube.com/@Samaatv/live)
2026-09-03 14:23:47,941 [INFO] [SamaaTv] No active live broadcast detected
2026-09-03 14:23:47,942 [INFO] [SamaaTv] Skipping – channel offline or scrape failed
2026-09-03 14:23:51,474 [INFO] --------------------------------------------------
2026-09-03 14:23:51,474 [INFO] Processing channel 7/9: DunyaNews
2026-09-03 14:23:51,474 [INFO] Scraping: DunyaNews (https://www.youtube.com/@DunyanewsOfficial/live)
2026-09-03 14:23:53,636 [INFO] [DunyaNews] No active live broadcast detected
2026-09-03 14:23:53,636 [INFO] [DunyaNews] Skipping – channel offline or scrape failed
2026-09-03 14:23:57,305 [INFO] --------------------------------------------------
2026-09-03 14:23:57,305 [INFO] Processing channel 8/9: ExpressNews
2026-09-03 14:23:57,305 [INFO] Scraping: ExpressNews (https://www.youtube.com/@ExpressNewspkofficial/live)
2026-09-03 14:24:00,235 [INFO] [ExpressNews] No active live broadcast detected
2026-09-03 14:24:00,235 [INFO] [ExpressNews] Skipping – channel offline or scrape failed
2026-09-03 14:24:02,628 [INFO] --------------------------------------------------
2026-09-03 14:24:02,628 [INFO] Processing channel 9/9: PakistanGlobal
2026-09-03 14:24:02,628 [INFO] Scraping: PakistanGlobal (https://www.youtube.com/@pakistantvglobal/live)
2026-09-03 14:24:04,078 [INFO] [PakistanGlobal] No active live broadcast detected
2026-09-03 14:24:04,079 [INFO] [PakistanGlobal] Skipping – channel offline or scrape failed
2026-09-03 14:24:04,079 [INFO] ============================================================
2026-09-03 14:24:04,079 [INFO] Run complete – live: 0 | offline: 9 | failed: 0
2026-09-03 14:24:04,079 [WARNING] No live streams found – playlist not updated
2026-09-03 14:24:04,079 [INFO] Status written to playlist_status.json
2026-09-03 18:31:16,261 [INFO] ============================================================
2026-09-03 18:31:16,261 [INFO] IPTV Playlist Generator – starting run
2026-09-03 18:31:16,262 [INFO] ============================================================
2026-09-03 18:31:16,262 [INFO] Loaded 9 channel(s) from channels.txt
2026-09-03 18:31:16,262 [INFO] --------------------------------------------------
2026-09-03 18:31:16,262 [INFO] Processing channel 1/9: PTV NEWS
2026-09-03 18:31:16,262 [INFO] Scraping: PTV NEWS (https://www.youtube.com/@PTVNewsOfficial/live)
2026-09-03 18:31:18,375 [INFO] [PTV NEWS] No active live broadcast detected
2026-09-03 18:31:18,375 [INFO] [PTV NEWS] Skipping – channel offline or scrape failed
2026-09-03 18:31:21,883 [INFO] --------------------------------------------------
2026-09-03 18:31:21,883 [INFO] Processing channel 2/9: NatGeoANimals
2026-09-03 18:31:21,883 [INFO] Scraping: NatGeoANimals (https://www.youtube.com/@NatGeoAnimals/live)
2026-09-03 18:31:24,420 [INFO] [NatGeoANimals] No active live broadcast detected
2026-09-03 18:31:24,420 [INFO] [NatGeoANimals] Skipping – channel offline or scrape failed
2026-09-03 18:31:27,967 [INFO] --------------------------------------------------
2026-09-03 18:31:27,967 [INFO] Processing channel 3/9: GeoNews
2026-09-03 18:31:27,967 [INFO] Scraping: GeoNews (https://www.youtube.com/@geonews/live)
2026-09-03 18:31:30,063 [INFO] [GeoNews] No active live broadcast detected
2026-09-03 18:31:30,063 [INFO] [GeoNews] Skipping – channel offline or scrape failed
2026-09-03 18:31:33,167 [INFO] --------------------------------------------------
2026-09-03 18:31:33,167 [INFO] Processing channel 4/9: AryNews
2026-09-03 18:31:33,167 [INFO] Scraping: AryNews (https://www.youtube.com/@ArynewsTvofficial/live)
2026-09-03 18:31:35,232 [INFO] [AryNews] No active live broadcast detected
2026-09-03 18:31:35,232 [INFO] [AryNews] Skipping – channel offline or scrape failed
2026-09-03 18:31:37,592 [INFO] --------------------------------------------------
2026-09-03 18:31:37,592 [INFO] Processing channel 5/9: AryDigitalAsia
2026-09-03 18:31:37,592 [INFO] Scraping: AryDigitalAsia (https://www.youtube.com/@ARYDigitalasia/live)
2026-09-03 18:31:39,021 [INFO] [AryDigitalAsia] No active live broadcast detected
2026-09-03 18:31:39,021 [INFO] [AryDigitalAsia] Skipping – channel offline or scrape failed
2026-09-03 18:31:42,686 [INFO] --------------------------------------------------
2026-09-03 18:31:42,686 [INFO] Processing channel 6/9: SamaaTv
2026-09-03 18:31:42,686 [INFO] Scraping: SamaaTv (https://www.youtube.com/@Samaatv/live)
2026-09-03 18:31:44,977 [INFO] [SamaaTv] No active live broadcast detected
2026-09-03 18:31:44,977 [INFO] [SamaaTv] Skipping – channel offline or scrape failed
2026-09-03 18:31:49,936 [INFO] --------------------------------------------------
2026-09-03 18:31:49,937 [INFO] Processing channel 7/9: DunyaNews
2026-09-03 18:31:49,937 [INFO] Scraping: DunyaNews (https://www.youtube.com/@DunyanewsOfficial/live)
2026-09-03 18:31:52,089 [INFO] [DunyaNews] No active live broadcast detected
2026-09-03 18:31:52,089 [INFO] [DunyaNews] Skipping – channel offline or scrape failed
2026-09-03 18:31:55,976 [INFO] --------------------------------------------------
2026-09-03 18:31:55,976 [INFO] Processing channel 8/9: ExpressNews
2026-09-03 18:31:55,976 [INFO] Scraping: ExpressNews (https://www.youtube.com/@ExpressNewspkofficial/live)
2026-09-03 18:31:58,109 [INFO] [ExpressNews] No active live broadcast detected
2026-09-03 18:31:58,109 [INFO] [ExpressNews] Skipping – channel offline or scrape failed
2026-09-03 18:32:01,468 [INFO] --------------------------------------------------
2026-09-03 18:32:01,469 [INFO] Processing channel 9/9: PakistanGlobal
2026-09-03 18:32:01,469 [INFO] Scraping: PakistanGlobal (https://www.youtube.com/@pakistantvglobal/live)
2026-09-03 18:32:03,721 [INFO] [PakistanGlobal] No active live broadcast detected
2026-09-03 18:32:03,721 [INFO] [PakistanGlobal] Skipping – channel offline or scrape failed
2026-09-03 18:32:03,721 [INFO] ============================================================
2026-09-03 18:32:03,721 [INFO] Run complete – live: 0 | offline: 9 | failed: 0
2026-09-03 18:32:03,721 [WARNING] No live streams found – playlist not updated
2026-09-03 18:32:03,722 [INFO] Status written to playlist_status.json
2026-09-03 21:39:47,268 [INFO] ============================================================
2026-09-03 21:39:47,268 [INFO] IPTV Playlist Generator – starting run
2026-09-03 21:39:47,268 [INFO] ============================================================
2026-09-03 21:39:47,269 [INFO] Loaded 9 channel(s) from channels.txt
2026-09-03 21:39:47,269 [INFO] --------------------------------------------------
2026-09-03 21:39:47,269 [INFO] Processing channel 1/9: PTV NEWS
2026-09-03 21:39:47,269 [INFO] Scraping: PTV NEWS (https://www.youtube.com/@PTVNewsOfficial/live)
2026-09-03 21:39:50,184 [INFO] [PTV NEWS] No active live broadcast detected
2026-09-03 21:39:50,185 [INFO] [PTV NEWS] Skipping – channel offline or scrape failed
2026-09-03 21:39:52,789 [INFO] --------------------------------------------------
2026-09-03 21:39:52,789 [INFO] Processing channel 2/9: NatGeoANimals
2026-09-03 21:39:52,789 [INFO] Scraping: NatGeoANimals (https://www.youtube.com/@NatGeoAnimals/live)
2026-09-03 21:39:54,407 [INFO] [NatGeoANimals] No active live broadcast detected
2026-09-03 21:39:54,407 [INFO] [NatGeoANimals] Skipping – channel offline or scrape failed
2026-09-03 21:39:58,549 [INFO] --------------------------------------------------
2026-09-03 21:39:58,549 [INFO] Processing channel 3/9: GeoNews
2026-09-03 21:39:58,549 [INFO] Scraping: GeoNews (https://www.youtube.com/@geonews/live)
2026-09-03 21:40:00,738 [INFO] [GeoNews] No active live broadcast detected
2026-09-03 21:40:00,738 [INFO] [GeoNews] Skipping – channel offline or scrape failed
2026-09-03 21:40:04,572 [INFO] --------------------------------------------------
2026-09-03 21:40:04,572 [INFO] Processing channel 4/9: AryNews
2026-09-03 21:40:04,573 [INFO] Scraping: AryNews (https://www.youtube.com/@ArynewsTvofficial/live)
2026-09-03 21:40:07,105 [INFO] [AryNews] No active live broadcast detected
2026-09-03 21:40:07,105 [INFO] [AryNews] Skipping – channel offline or scrape failed
2026-09-03 21:40:10,914 [INFO] --------------------------------------------------
2026-09-03 21:40:10,914 [INFO] Processing channel 5/9: AryDigitalAsia
2026-09-03 21:40:10,914 [INFO] Scraping: AryDigitalAsia (https://www.youtube.com/@ARYDigitalasia/live)
2026-09-03 21:40:13,291 [INFO] [AryDigitalAsia] No active live broadcast detected
2026-09-03 21:40:13,291 [INFO] [AryDigitalAsia] Skipping – channel offline or scrape failed
2026-09-03 21:40:17,563 [INFO] --------------------------------------------------
2026-09-03 21:40:17,564 [INFO] Processing channel 6/9: SamaaTv
2026-09-03 21:40:17,564 [INFO] Scraping: SamaaTv (https://www.youtube.com/@Samaatv/live)
2026-09-03 21:40:19,148 [INFO] [SamaaTv] No active live broadcast detected
2026-09-03 21:40:19,148 [INFO] [SamaaTv] Skipping – channel offline or scrape failed
2026-09-03 21:40:21,856 [INFO] --------------------------------------------------
2026-09-03 21:40:21,856 [INFO] Processing channel 7/9: DunyaNews
2026-09-03 21:40:21,856 [INFO] Scraping: DunyaNews (https://www.youtube.com/@DunyanewsOfficial/live)
2026-09-03 21:40:24,000 [INFO] [DunyaNews] No active live broadcast detected
2026-09-03 21:40:24,001 [INFO] [DunyaNews] Skipping – channel offline or scrape failed
2026-09-03 21:40:26,175 [INFO] --------------------------------------------------
2026-09-03 21:40:26,175 [INFO] Processing channel 8/9: ExpressNews
2026-09-03 21:40:26,175 [INFO] Scraping: ExpressNews (https://www.youtube.com/@ExpressNewspkofficial/live)
2026-09-03 21:40:27,838 [INFO] [ExpressNews] No active live broadcast detected
2026-09-03 21:40:27,838 [INFO] [ExpressNews] Skipping – channel offline or scrape failed
2026-09-03 21:40:31,143 [INFO] --------------------------------------------------
2026-09-03 21:40:31,143 [INFO] Processing channel 9/9: PakistanGlobal
2026-09-03 21:40:31,143 [INFO] Scraping: PakistanGlobal (https://www.youtube.com/@pakistantvglobal/live)
2026-09-03 21:40:33,575 [INFO] [PakistanGlobal] No active live broadcast detected
2026-09-03 21:40:33,575 [INFO] [PakistanGlobal] Skipping – channel offline or scrape failed
2026-09-03 21:40:33,576 [INFO] ============================================================
2026-09-03 21:40:33,576 [INFO] Run complete – live: 0 | offline: 9 | failed: 0
2026-09-03 21:40:33,576 [WARNING] No live streams found – playlist not updated
2026-09-03 21:40:33,576 [INFO] Status written to playlist_status.json
2026-09-03 23:57:15,695 [INFO] ============================================================
2026-09-03 23:57:15,695 [INFO] IPTV Playlist Generator – starting run
2026-09-03 23:57:15,695 [INFO] ============================================================
2026-09-03 23:57:15,696 [INFO] Loaded 9 channel(s) from channels.txt
2026-09-03 23:57:15,696 [INFO] --------------------------------------------------
2026-09-03 23:57:15,696 [INFO] Processing channel 1/9: PTV NEWS
2026-09-03 23:57:15,696 [INFO] Scraping: PTV NEWS (https://www.youtube.com/@PTVNewsOfficial/live)
2026-09-03 23:57:17,751 [INFO] [PTV NEWS] No active live broadcast detected
2026-09-03 23:57:17,751 [INFO] [PTV NEWS] Skipping – channel offline or scrape failed
2026-09-03 23:57:20,544 [INFO] --------------------------------------------------
2026-09-03 23:57:20,544 [INFO] Processing channel 2/9: NatGeoANimals
2026-09-03 23:57:20,544 [INFO] Scraping: NatGeoANimals (https://www.youtube.com/@NatGeoAnimals/live)
2026-09-03 23:57:22,243 [INFO] [NatGeoANimals] No active live broadcast detected
2026-09-03 23:57:22,243 [INFO] [NatGeoANimals] Skipping – channel offline or scrape failed
2026-09-03 23:57:25,848 [INFO] --------------------------------------------------
2026-09-03 23:57:25,848 [INFO] Processing channel 3/9: GeoNews
2026-09-03 23:57:25,848 [INFO] Scraping: GeoNews (https://www.youtube.com/@geonews/live)
2026-09-03 23:57:28,024 [INFO] [GeoNews] No active live broadcast detected
2026-09-03 23:57:28,025 [INFO] [GeoNews] Skipping – channel offline or scrape failed
2026-09-03 23:57:32,070 [INFO] --------------------------------------------------
2026-09-03 23:57:32,070 [INFO] Processing channel 4/9: AryNews
2026-09-03 23:57:32,070 [INFO] Scraping: AryNews (https://www.youtube.com/@ArynewsTvofficial/live)
2026-09-03 23:57:33,624 [INFO] [AryNews] No active live broadcast detected
2026-09-03 23:57:33,625 [INFO] [AryNews] Skipping – channel offline or scrape failed
2026-09-03 23:57:36,830 [INFO] --------------------------------------------------
2026-09-03 23:57:36,830 [INFO] Processing channel 5/9: AryDigitalAsia
2026-09-03 23:57:36,830 [INFO] Scraping: AryDigitalAsia (https://www.youtube.com/@ARYDigitalasia/live)
2026-09-03 23:57:39,200 [INFO] [AryDigitalAsia] No active live broadcast detected
2026-09-03 23:57:39,200 [INFO] [AryDigitalAsia] Skipping – channel offline or scrape failed
2026-09-03 23:57:42,344 [INFO] --------------------------------------------------
2026-09-03 23:57:42,344 [INFO] Processing channel 6/9: SamaaTv
2026-09-03 23:57:42,344 [INFO] Scraping: SamaaTv (https://www.youtube.com/@Samaatv/live)
2026-09-03 23:57:43,943 [INFO] [SamaaTv] No active live broadcast detected
2026-09-03 23:57:43,944 [INFO] [SamaaTv] Skipping – channel offline or scrape failed
2026-09-03 23:57:47,916 [INFO] --------------------------------------------------
2026-09-03 23:57:47,916 [INFO] Processing channel 7/9: DunyaNews
2026-09-03 23:57:47,916 [INFO] Scraping: DunyaNews (https://www.youtube.com/@DunyanewsOfficial/live)
2026-09-03 23:57:50,387 [INFO] [DunyaNews] No active live broadcast detected
2026-09-03 23:57:50,388 [INFO] [DunyaNews] Skipping – channel offline or scrape failed
2026-09-03 23:57:53,286 [INFO] --------------------------------------------------
2026-09-03 23:57:53,286 [INFO] Processing channel 8/9: ExpressNews
2026-09-03 23:57:53,286 [INFO] Scraping: ExpressNews (https://www.youtube.com/@ExpressNewspkofficial/live)
2026-09-03 23:57:54,606 [INFO] [ExpressNews] No active live broadcast detected
2026-09-03 23:57:54,606 [INFO] [ExpressNews] Skipping – channel offline or scrape failed
2026-09-03 23:57:57,824 [INFO] --------------------------------------------------
2026-09-03 23:57:57,824 [INFO] Processing channel 9/9: PakistanGlobal
2026-09-03 23:57:57,824 [INFO] Scraping: PakistanGlobal (https://www.youtube.com/@pakistantvglobal/live)
2026-09-03 23:58:00,164 [INFO] [PakistanGlobal] No active live broadcast detected
2026-09-03 23:58:00,164 [INFO] [PakistanGlobal] Skipping – channel offline or scrape failed
2026-09-03 23:58:00,164 [INFO] ============================================================
2026-09-03 23:58:00,164 [INFO] Run complete – live: 0 | offline: 9 | failed: 0
2026-09-03 23:58:00,164 [WARNING] No live streams found – playlist not updated
2026-09-03 23:58:00,165 [INFO] Status written to playlist_status.json
2026-09-04 04:18:42,776 [INFO] ============================================================
2026-09-04 04:18:42,776 [INFO] IPTV Playlist Generator – starting run
2026-09-04 04:18:42,776 [INFO] ============================================================
2026-09-04 04:18:42,776 [INFO] Loaded 9 channel(s) from channels.txt
2026-09-04 04:18:42,776 [INFO] --------------------------------------------------
2026-09-04 04:18:42,776 [INFO] Processing channel 1/9: PTV NEWS
2026-09-04 04:18:42,777 [INFO] Scraping: PTV NEWS (https://www.youtube.com/@PTVNewsOfficial/live)
2026-09-04 04:18:44,955 [INFO] [PTV NEWS] No active live broadcast detected
2026-09-04 04:18:44,955 [INFO] [PTV NEWS] Skipping – channel offline or scrape failed
2026-09-04 04:18:49,163 [INFO] --------------------------------------------------
2026-09-04 04:18:49,164 [INFO] Processing channel 2/9: NatGeoANimals
2026-09-04 04:18:49,164 [INFO] Scraping: NatGeoANimals (https://www.youtube.com/@NatGeoAnimals/live)
2026-09-04 04:18:50,560 [INFO] [NatGeoANimals] No active live broadcast detected
2026-09-04 04:18:50,560 [INFO] [NatGeoANimals] Skipping – channel offline or scrape failed
2026-09-04 04:18:54,539 [INFO] --------------------------------------------------
2026-09-04 04:18:54,539 [INFO] Processing channel 3/9: GeoNews
2026-09-04 04:18:54,539 [INFO] Scraping: GeoNews (https://www.youtube.com/@geonews/live)
2026-09-04 04:18:56,511 [INFO] [GeoNews] No active live broadcast detected
2026-09-04 04:18:56,511 [INFO] [GeoNews] Skipping – channel offline or scrape failed
2026-09-04 04:18:59,262 [INFO] --------------------------------------------------
2026-09-04 04:18:59,263 [INFO] Processing channel 4/9: AryNews
2026-09-04 04:18:59,263 [INFO] Scraping: AryNews (https://www.youtube.com/@ArynewsTvofficial/live)
2026-09-04 04:19:01,464 [INFO] [AryNews] No active live broadcast detected
2026-09-04 04:19:01,464 [INFO] [AryNews] Skipping – channel offline or scrape failed
2026-09-04 04:19:05,702 [INFO] --------------------------------------------------
2026-09-04 04:19:05,702 [INFO] Processing channel 5/9: AryDigitalAsia
2026-09-04 04:19:05,702 [INFO] Scraping: AryDigitalAsia (https://www.youtube.com/@ARYDigitalasia/live)
2026-09-04 04:19:07,706 [INFO] [AryDigitalAsia] No active live broadcast detected
2026-09-04 04:19:07,706 [INFO] [AryDigitalAsia] Skipping – channel offline or scrape failed
2026-09-04 04:19:11,020 [INFO] --------------------------------------------------
2026-09-04 04:19:11,020 [INFO] Processing channel 6/9: SamaaTv
2026-09-04 04:19:11,020 [INFO] Scraping: SamaaTv (https://www.youtube.com/@Samaatv/live)
2026-09-04 04:19:12,994 [INFO] [SamaaTv] No active live broadcast detected
2026-09-04 04:19:12,995 [INFO] [SamaaTv] Skipping – channel offline or scrape failed
2026-09-04 04:19:16,919 [INFO] --------------------------------------------------
2026-09-04 04:19:16,919 [INFO] Processing channel 7/9: DunyaNews
2026-09-04 04:19:16,919 [INFO] Scraping: DunyaNews (https://www.youtube.com/@DunyanewsOfficial/live)
2026-09-04 04:19:18,830 [INFO] [DunyaNews] No active live broadcast detected
2026-09-04 04:19:18,830 [INFO] [DunyaNews] Skipping – channel offline or scrape failed
2026-09-04 04:19:23,612 [INFO] --------------------------------------------------
2026-09-04 04:19:23,612 [INFO] Processing channel 8/9: ExpressNews
2026-09-04 04:19:23,612 [INFO] Scraping: ExpressNews (https://www.youtube.com/@ExpressNewspkofficial/live)
2026-09-04 04:19:25,206 [INFO] [ExpressNews] No active live broadcast detected
2026-09-04 04:19:25,207 [INFO] [ExpressNews] Skipping – channel offline or scrape failed
2026-09-04 04:19:28,058 [INFO] --------------------------------------------------
2026-09-04 04:19:28,058 [INFO] Processing channel 9/9: PakistanGlobal
2026-09-04 04:19:28,058 [INFO] Scraping: PakistanGlobal (https://www.youtube.com/@pakistantvglobal/live)
2026-09-04 04:19:30,038 [INFO] [PakistanGlobal] No active live broadcast detected
2026-09-04 04:19:30,039 [INFO] [PakistanGlobal] Skipping – channel offline or scrape failed
2026-09-04 04:19:30,039 [INFO] ============================================================
2026-09-04 04:19:30,039 [INFO] Run complete – live: 0 | offline: 9 | failed: 0
2026-09-04 04:19:30,039 [WARNING] No live streams found – playlist not updated
2026-09-04 04:19:30,039 [INFO] Status written to playlist_status.json
2026-09-04 09:30:07,719 [INFO] ============================================================
2026-09-04 09:30:07,720 [INFO] IPTV Playlist Generator – starting run
2026-09-04 09:30:07,720 [INFO] ============================================================
2026-09-04 09:30:07,720 [INFO] Loaded 9 channel(s) from channels.txt
2026-09-04 09:30:07,720 [INFO] --------------------------------------------------
2026-09-04 09:30:07,720 [INFO] Processing channel 1/9: PTV NEWS
2026-09-04 09:30:07,720 [INFO] Scraping: PTV NEWS (https://www.youtube.com/@PTVNewsOfficial/live)
2026-09-04 09:30:09,251 [INFO] [PTV NEWS] No active live broadcast detected
2026-09-04 09:30:09,251 [INFO] [PTV NEWS] Skipping – channel offline or scrape failed
2026-09-04 09:30:11,461 [INFO] --------------------------------------------------
2026-09-04 09:30:11,461 [INFO] Processing channel 2/9: NatGeoANimals
2026-09-04 09:30:11,461 [INFO] Scraping: NatGeoANimals (https://www.youtube.com/@NatGeoAnimals/live)
2026-09-04 09:30:13,390 [INFO] [NatGeoANimals] No active live broadcast detected
2026-09-04 09:30:13,391 [INFO] [NatGeoANimals] Skipping – channel offline or scrape failed
2026-09-04 09:30:16,028 [INFO] --------------------------------------------------
2026-09-04 09:30:16,028 [INFO] Processing channel 3/9: GeoNews
2026-09-04 09:30:16,028 [INFO] Scraping: GeoNews (https://www.youtube.com/@geonews/live)
2026-09-04 09:30:18,343 [INFO] [GeoNews] No active live broadcast detected
2026-09-04 09:30:18,344 [INFO] [GeoNews] Skipping – channel offline or scrape failed
2026-09-04 09:30:20,584 [INFO] --------------------------------------------------
2026-09-04 09:30:20,584 [INFO] Processing channel 4/9: AryNews
2026-09-04 09:30:20,585 [INFO] Scraping: AryNews (https://www.youtube.com/@ArynewsTvofficial/live)
2026-09-04 09:30:22,265 [INFO] [AryNews] No active live broadcast detected
2026-09-04 09:30:22,265 [INFO] [AryNews] Skipping – channel offline or scrape failed
2026-09-04 09:30:24,535 [INFO] --------------------------------------------------
2026-09-04 09:30:24,536 [INFO] Processing channel 5/9: AryDigitalAsia
2026-09-04 09:30:24,536 [INFO] Scraping: AryDigitalAsia (https://www.youtube.com/@ARYDigitalasia/live)
2026-09-04 09:30:26,064 [INFO] [AryDigitalAsia] No active live broadcast detected
2026-09-04 09:30:26,065 [INFO] [AryDigitalAsia] Skipping – channel offline or scrape failed
2026-09-04 09:30:29,432 [INFO] --------------------------------------------------
2026-09-04 09:30:29,432 [INFO] Processing channel 6/9: SamaaTv
2026-09-04 09:30:29,432 [INFO] Scraping: SamaaTv (https://www.youtube.com/@Samaatv/live)
2026-09-04 09:30:31,232 [INFO] [SamaaTv] No active live broadcast detected
2026-09-04 09:30:31,232 [INFO] [SamaaTv] Skipping – channel offline or scrape failed
2026-09-04 09:30:33,457 [INFO] --------------------------------------------------
2026-09-04 09:30:33,457 [INFO] Processing channel 7/9: DunyaNews
2026-09-04 09:30:33,457 [INFO] Scraping: DunyaNews (https://www.youtube.com/@DunyanewsOfficial/live)
2026-09-04 09:30:35,049 [INFO] [DunyaNews] No active live broadcast detected
2026-09-04 09:30:35,049 [INFO] [DunyaNews] Skipping – channel offline or scrape failed
2026-09-04 09:30:38,702 [INFO] --------------------------------------------------
2026-09-04 09:30:38,703 [INFO] Processing channel 8/9: ExpressNews
2026-09-04 09:30:38,703 [INFO] Scraping: ExpressNews (https://www.youtube.com/@ExpressNewspkofficial/live)
2026-09-04 09:30:40,753 [INFO] [ExpressNews] No active live broadcast detected
2026-09-04 09:30:40,753 [INFO] [ExpressNews] Skipping – channel offline or scrape failed
2026-09-04 09:30:43,082 [INFO] --------------------------------------------------
2026-09-04 09:30:43,082 [INFO] Processing channel 9/9: PakistanGlobal
2026-09-04 09:30:43,082 [INFO] Scraping: PakistanGlobal (https://www.youtube.com/@pakistantvglobal/live)
2026-09-04 09:30:45,408 [INFO] [PakistanGlobal] No active live broadcast detected
2026-09-04 09:30:45,408 [INFO] [PakistanGlobal] Skipping – channel offline or scrape failed
2026-09-04 09:30:45,408 [INFO] ============================================================
2026-09-04 09:30:45,408 [INFO] Run complete – live: 0 | offline: 9 | failed: 0
2026-09-04 09:30:45,408 [WARNING] No live streams found – playlist not updated
2026-09-04 09:30:45,409 [INFO] Status written to playlist_status.json
2026-09-04 14:12:22,766 [INFO] ============================================================
2026-09-04 14:12:22,766 [INFO] IPTV Playlist Generator – starting run
2026-09-04 14:12:22,766 [INFO] ============================================================
2026-09-04 14:12:22,767 [INFO] Loaded 9 channel(s) from channels.txt
2026-09-04 14:12:22,767 [INFO] --------------------------------------------------
2026-09-04 14:12:22,767 [INFO] Processing channel 1/9: PTV NEWS
2026-09-04 14:12:22,767 [INFO] Scraping: PTV NEWS (https://www.youtube.com/@PTVNewsOfficial/live)
2026-09-04 14:12:25,009 [INFO] [PTV NEWS] No active live broadcast detected
2026-09-04 14:12:25,010 [INFO] [PTV NEWS] Skipping – channel offline or scrape failed
2026-09-04 14:12:29,063 [INFO] --------------------------------------------------
2026-09-04 14:12:29,063 [INFO] Processing channel 2/9: NatGeoANimals
2026-09-04 14:12:29,063 [INFO] Scraping: NatGeoANimals (https://www.youtube.com/@NatGeoAnimals/live)
2026-09-04 14:12:30,876 [INFO] [NatGeoANimals] No active live broadcast detected
2026-09-04 14:12:30,876 [INFO] [NatGeoANimals] Skipping – channel offline or scrape failed
2026-09-04 14:12:33,799 [INFO] --------------------------------------------------
2026-09-04 14:12:33,800 [INFO] Processing channel 3/9: GeoNews
2026-09-04 14:12:33,800 [INFO] Scraping: GeoNews (https://www.youtube.com/@geonews/live)
2026-09-04 14:12:35,412 [INFO] [GeoNews] No active live broadcast detected
2026-09-04 14:12:35,412 [INFO] [GeoNews] Skipping – channel offline or scrape failed
2026-09-04 14:12:38,373 [INFO] --------------------------------------------------
2026-09-04 14:12:38,373 [INFO] Processing channel 4/9: AryNews
2026-09-04 14:12:38,373 [INFO] Scraping: AryNews (https://www.youtube.com/@ArynewsTvofficial/live)
2026-09-04 14:12:40,449 [INFO] [AryNews] No active live broadcast detected
2026-09-04 14:12:40,449 [INFO] [AryNews] Skipping – channel offline or scrape failed
2026-09-04 14:12:43,530 [INFO] --------------------------------------------------
2026-09-04 14:12:43,531 [INFO] Processing channel 5/9: AryDigitalAsia
2026-09-04 14:12:43,531 [INFO] Scraping: AryDigitalAsia (https://www.youtube.com/@ARYDigitalasia/live)
2026-09-04 14:12:45,910 [INFO] [AryDigitalAsia] No active live broadcast detected
2026-09-04 14:12:45,911 [INFO] [AryDigitalAsia] Skipping – channel offline or scrape failed
2026-09-04 14:12:49,127 [INFO] --------------------------------------------------
2026-09-04 14:12:49,127 [INFO] Processing channel 6/9: SamaaTv
2026-09-04 14:12:49,127 [INFO] Scraping: SamaaTv (https://www.youtube.com/@Samaatv/live)
2026-09-04 14:12:50,666 [INFO] [SamaaTv] No active live broadcast detected
2026-09-04 14:12:50,666 [INFO] [SamaaTv] Skipping – channel offline or scrape failed
2026-09-04 14:12:55,363 [INFO] --------------------------------------------------
2026-09-04 14:12:55,363 [INFO] Processing channel 7/9: DunyaNews
2026-09-04 14:12:55,363 [INFO] Scraping: DunyaNews (https://www.youtube.com/@DunyanewsOfficial/live)
2026-09-04 14:12:57,352 [INFO] [DunyaNews] No active live broadcast detected
2026-09-04 14:12:57,352 [INFO] [DunyaNews] Skipping – channel offline or scrape failed
2026-09-04 14:13:01,880 [INFO] --------------------------------------------------
2026-09-04 14:13:01,880 [INFO] Processing channel 8/9: ExpressNews
2026-09-04 14:13:01,880 [INFO] Scraping: ExpressNews (https://www.youtube.com/@ExpressNewspkofficial/live)
2026-09-04 14:13:03,822 [INFO] [ExpressNews] No active live broadcast detected
2026-09-04 14:13:03,822 [INFO] [ExpressNews] Skipping – channel offline or scrape failed
2026-09-04 14:13:08,472 [INFO] --------------------------------------------------
2026-09-04 14:13:08,472 [INFO] Processing channel 9/9: PakistanGlobal
2026-09-04 14:13:08,473 [INFO] Scraping: PakistanGlobal (https://www.youtube.com/@pakistantvglobal/live)
2026-09-04 14:13:10,126 [INFO] [PakistanGlobal] No active live broadcast detected
2026-09-04 14:13:10,126 [INFO] [PakistanGlobal] Skipping – channel offline or scrape failed
2026-09-04 14:13:10,126 [INFO] ============================================================
2026-09-04 14:13:10,127 [INFO] Run complete – live: 0 | offline: 9 | failed: 0
2026-09-04 14:13:10,127 [WARNING] No live streams found – playlist not updated
2026-09-04 14:13:10,127 [INFO] Status written to playlist_status.json
2026-09-04 18:17:31,745 [INFO] ============================================================
2026-09-04 18:17:31,745 [INFO] IPTV Playlist Generator – starting run
2026-09-04 18:17:31,745 [INFO] ============================================================
2026-09-04 18:17:31,745 [INFO] Loaded 9 channel(s) from channels.txt
2026-09-04 18:17:31,745 [INFO] --------------------------------------------------
2026-09-04 18:17:31,745 [INFO] Processing channel 1/9: PTV NEWS
2026-09-04 18:17:31,745 [INFO] Scraping: PTV NEWS (https://www.youtube.com/@PTVNewsOfficial/live)
2026-09-04 18:17:33,845 [INFO] [PTV NEWS] No active live broadcast detected
2026-09-04 18:17:33,845 [INFO] [PTV NEWS] Skipping – channel offline or scrape failed
2026-09-04 18:17:36,081 [INFO] --------------------------------------------------
2026-09-04 18:17:36,081 [INFO] Processing channel 2/9: NatGeoANimals
2026-09-04 18:17:36,081 [INFO] Scraping: NatGeoANimals (https://www.youtube.com/@NatGeoAnimals/live)
2026-09-04 18:17:38,573 [INFO] [NatGeoANimals] No active live broadcast detected
2026-09-04 18:17:38,573 [INFO] [NatGeoANimals] Skipping – channel offline or scrape failed
2026-09-04 18:17:42,100 [INFO] --------------------------------------------------
2026-09-04 18:17:42,100 [INFO] Processing channel 3/9: GeoNews
2026-09-04 18:17:42,100 [INFO] Scraping: GeoNews (https://www.youtube.com/@geonews/live)
2026-09-04 18:17:44,279 [INFO] [GeoNews] No active live broadcast detected
2026-09-04 18:17:44,279 [INFO] [GeoNews] Skipping – channel offline or scrape failed
2026-09-04 18:17:47,385 [INFO] --------------------------------------------------
2026-09-04 18:17:47,385 [INFO] Processing channel 4/9: AryNews
2026-09-04 18:17:47,385 [INFO] Scraping: AryNews (https://www.youtube.com/@ArynewsTvofficial/live)
2026-09-04 18:17:49,701 [INFO] [AryNews] No active live broadcast detected
2026-09-04 18:17:49,701 [INFO] [AryNews] Skipping – channel offline or scrape failed
2026-09-04 18:17:54,022 [INFO] --------------------------------------------------
2026-09-04 18:17:54,022 [INFO] Processing channel 5/9: AryDigitalAsia
2026-09-04 18:17:54,022 [INFO] Scraping: AryDigitalAsia (https://www.youtube.com/@ARYDigitalasia/live)
2026-09-04 18:17:56,308 [INFO] [AryDigitalAsia] No active live broadcast detected
2026-09-04 18:17:56,308 [INFO] [AryDigitalAsia] Skipping – channel offline or scrape failed
2026-09-04 18:17:59,471 [INFO] --------------------------------------------------
2026-09-04 18:17:59,471 [INFO] Processing channel 6/9: SamaaTv
2026-09-04 18:17:59,471 [INFO] Scraping: SamaaTv (https://www.youtube.com/@Samaatv/live)
2026-09-04 18:18:01,690 [INFO] [SamaaTv] No active live broadcast detected
2026-09-04 18:18:01,690 [INFO] [SamaaTv] Skipping – channel offline or scrape failed
2026-09-04 18:18:06,546 [INFO] --------------------------------------------------
2026-09-04 18:18:06,546 [INFO] Processing channel 7/9: DunyaNews
2026-09-04 18:18:06,546 [INFO] Scraping: DunyaNews (https://www.youtube.com/@DunyanewsOfficial/live)
2026-09-04 18:18:08,370 [INFO] [DunyaNews] No active live broadcast detected
2026-09-04 18:18:08,370 [INFO] [DunyaNews] Skipping – channel offline or scrape failed
2026-09-04 18:18:11,728 [INFO] --------------------------------------------------
2026-09-04 18:18:11,728 [INFO] Processing channel 8/9: ExpressNews
2026-09-04 18:18:11,728 [INFO] Scraping: ExpressNews (https://www.youtube.com/@ExpressNewspkofficial/live)
2026-09-04 18:18:14,103 [INFO] [ExpressNews] No active live broadcast detected
2026-09-04 18:18:14,103 [INFO] [ExpressNews] Skipping – channel offline or scrape failed
2026-09-04 18:18:17,951 [INFO] --------------------------------------------------
2026-09-04 18:18:17,951 [INFO] Processing channel 9/9: PakistanGlobal
2026-09-04 18:18:17,951 [INFO] Scraping: PakistanGlobal (https://www.youtube.com/@pakistantvglobal/live)
2026-09-04 18:18:20,218 [INFO] [PakistanGlobal] No active live broadcast detected
2026-09-04 18:18:20,218 [INFO] [PakistanGlobal] Skipping – channel offline or scrape failed
2026-09-04 18:18:20,218 [INFO] ============================================================
2026-09-04 18:18:20,218 [INFO] Run complete – live: 0 | offline: 9 | failed: 0
2026-09-04 18:18:20,218 [WARNING] No live streams found – playlist not updated
2026-09-04 18:18:20,219 [INFO] Status written to playlist_status.json
2026-09-04 21:22:24,875 [INFO] ============================================================
2026-09-04 21:22:24,875 [INFO] IPTV Playlist Generator – starting run
2026-09-04 21:22:24,875 [INFO] ============================================================
2026-09-04 21:22:24,876 [INFO] Loaded 9 channel(s) from channels.txt
2026-09-04 21:22:24,876 [INFO] --------------------------------------------------
2026-09-04 21:22:24,876 [INFO] Processing channel 1/9: PTV NEWS
2026-09-04 21:22:24,876 [INFO] Scraping: PTV NEWS (https://www.youtube.com/@PTVNewsOfficial/live)
2026-09-04 21:22:27,098 [INFO] [PTV NEWS] No active live broadcast detected
2026-09-04 21:22:27,098 [INFO] [PTV NEWS] Skipping – channel offline or scrape failed
2026-09-04 21:22:29,752 [INFO] --------------------------------------------------
2026-09-04 21:22:29,753 [INFO] Processing channel 2/9: NatGeoANimals
2026-09-04 21:22:29,753 [INFO] Scraping: NatGeoANimals (https://www.youtube.com/@NatGeoAnimals/live)
2026-09-04 21:22:31,802 [INFO] [NatGeoANimals] No active live broadcast detected
2026-09-04 21:22:31,802 [INFO] [NatGeoANimals] Skipping – channel offline or scrape failed
2026-09-04 21:22:35,320 [INFO] --------------------------------------------------
2026-09-04 21:22:35,321 [INFO] Processing channel 3/9: GeoNews
2026-09-04 21:22:35,321 [INFO] Scraping: GeoNews (https://www.youtube.com/@geonews/live)
2026-09-04 21:22:37,120 [INFO] [GeoNews] No active live broadcast detected
2026-09-04 21:22:37,120 [INFO] [GeoNews] Skipping – channel offline or scrape failed
2026-09-04 21:22:41,175 [INFO] --------------------------------------------------
2026-09-04 21:22:41,175 [INFO] Processing channel 4/9: AryNews
2026-09-04 21:22:41,175 [INFO] Scraping: AryNews (https://www.youtube.com/@ArynewsTvofficial/live)
2026-09-04 21:22:43,312 [INFO] [AryNews] No active live broadcast detected
2026-09-04 21:22:43,312 [INFO] [AryNews] Skipping – channel offline or scrape failed
2026-09-04 21:22:45,370 [INFO] --------------------------------------------------
2026-09-04 21:22:45,370 [INFO] Processing channel 5/9: AryDigitalAsia
2026-09-04 21:22:45,370 [INFO] Scraping: AryDigitalAsia (https://www.youtube.com/@ARYDigitalasia/live)
2026-09-04 21:22:47,228 [INFO] [AryDigitalAsia] No active live broadcast detected
2026-09-04 21:22:47,228 [INFO] [AryDigitalAsia] Skipping – channel offline or scrape failed
2026-09-04 21:22:50,545 [INFO] --------------------------------------------------
2026-09-04 21:22:50,546 [INFO] Processing channel 6/9: SamaaTv
2026-09-04 21:22:50,546 [INFO] Scraping: SamaaTv (https://www.youtube.com/@Samaatv/live)
2026-09-04 21:22:52,836 [INFO] [SamaaTv] No active live broadcast detected
2026-09-04 21:22:52,836 [INFO] [SamaaTv] Skipping – channel offline or scrape failed
2026-09-04 21:22:56,657 [INFO] --------------------------------------------------
2026-09-04 21:22:56,658 [INFO] Processing channel 7/9: DunyaNews
2026-09-04 21:22:56,658 [INFO] Scraping: DunyaNews (https://www.youtube.com/@DunyanewsOfficial/live)
2026-09-04 21:22:58,169 [INFO] [DunyaNews] No active live broadcast detected
2026-09-04 21:22:58,170 [INFO] [DunyaNews] Skipping – channel offline or scrape failed
2026-09-04 21:23:01,931 [INFO] --------------------------------------------------
2026-09-04 21:23:01,931 [INFO] Processing channel 8/9: ExpressNews
2026-09-04 21:23:01,931 [INFO] Scraping: ExpressNews (https://www.youtube.com/@ExpressNewspkofficial/live)
2026-09-04 21:23:03,836 [INFO] [ExpressNews] No active live broadcast detected
2026-09-04 21:23:03,836 [INFO] [ExpressNews] Skipping – channel offline or scrape failed
2026-09-04 21:23:06,799 [INFO] --------------------------------------------------
2026-09-04 21:23:06,799 [INFO] Processing channel 9/9: PakistanGlobal
2026-09-04 21:23:06,799 [INFO] Scraping: PakistanGlobal (https://www.youtube.com/@pakistantvglobal/live)
2026-09-04 21:23:08,372 [INFO] [PakistanGlobal] No active live broadcast detected
2026-09-04 21:23:08,373 [INFO] [PakistanGlobal] Skipping – channel offline or scrape failed
2026-09-04 21:23:08,373 [INFO] ============================================================
2026-09-04 21:23:08,373 [INFO] Run complete – live: 0 | offline: 9 | failed: 0
2026-09-04 21:23:08,373 [WARNING] No live streams found – playlist not updated
2026-09-04 21:23:08,373 [INFO] Status written to playlist_status.json
2026-09-04 23:56:01,073 [INFO] ============================================================
2026-09-04 23:56:01,074 [INFO] IPTV Playlist Generator – starting run
2026-09-04 23:56:01,074 [INFO] ============================================================
2026-09-04 23:56:01,074 [INFO] Loaded 9 channel(s) from channels.txt
2026-09-04 23:56:01,074 [INFO] --------------------------------------------------
2026-09-04 23:56:01,074 [INFO] Processing channel 1/9: PTV NEWS
2026-09-04 23:56:01,074 [INFO] Scraping: PTV NEWS (https://www.youtube.com/@PTVNewsOfficial/live)
2026-09-04 23:56:03,291 [INFO] [PTV NEWS] No active live broadcast detected
2026-09-04 23:56:03,292 [INFO] [PTV NEWS] Skipping – channel offline or scrape failed
2026-09-04 23:56:05,857 [INFO] --------------------------------------------------
2026-09-04 23:56:05,858 [INFO] Processing channel 2/9: NatGeoANimals
2026-09-04 23:56:05,858 [INFO] Scraping: NatGeoANimals (https://www.youtube.com/@NatGeoAnimals/live)
2026-09-04 23:56:07,631 [INFO] [NatGeoANimals] No active live broadcast detected
2026-09-04 23:56:07,631 [INFO] [NatGeoANimals] Skipping – channel offline or scrape failed
2026-09-04 23:56:09,839 [INFO] --------------------------------------------------
2026-09-04 23:56:09,839 [INFO] Processing channel 3/9: GeoNews
2026-09-04 23:56:09,839 [INFO] Scraping: GeoNews (https://www.youtube.com/@geonews/live)
2026-09-04 23:56:11,937 [INFO] [GeoNews] No active live broadcast detected
2026-09-04 23:56:11,938 [INFO] [GeoNews] Skipping – channel offline or scrape failed
2026-09-04 23:56:16,661 [INFO] --------------------------------------------------
2026-09-04 23:56:16,661 [INFO] Processing channel 4/9: AryNews
2026-09-04 23:56:16,661 [INFO] Scraping: AryNews (https://www.youtube.com/@ArynewsTvofficial/live)
2026-09-04 23:56:18,923 [INFO] [AryNews] No active live broadcast detected
2026-09-04 23:56:18,923 [INFO] [AryNews] Skipping – channel offline or scrape failed
2026-09-04 23:56:23,476 [INFO] --------------------------------------------------
2026-09-04 23:56:23,476 [INFO] Processing channel 5/9: AryDigitalAsia
2026-09-04 23:56:23,476 [INFO] Scraping: AryDigitalAsia (https://www.youtube.com/@ARYDigitalasia/live)
2026-09-04 23:56:25,112 [INFO] [AryDigitalAsia] No active live broadcast detected
2026-09-04 23:56:25,112 [INFO] [AryDigitalAsia] Skipping – channel offline or scrape failed
2026-09-04 23:56:27,998 [INFO] --------------------------------------------------
2026-09-04 23:56:27,999 [INFO] Processing channel 6/9: SamaaTv
2026-09-04 23:56:27,999 [INFO] Scraping: SamaaTv (https://www.youtube.com/@Samaatv/live)
2026-09-04 23:56:29,936 [INFO] [SamaaTv] No active live broadcast detected
2026-09-04 23:56:29,936 [INFO] [SamaaTv] Skipping – channel offline or scrape failed
2026-09-04 23:56:34,718 [INFO] --------------------------------------------------
2026-09-04 23:56:34,718 [INFO] Processing channel 7/9: DunyaNews
2026-09-04 23:56:34,718 [INFO] Scraping: DunyaNews (https://www.youtube.com/@DunyanewsOfficial/live)
2026-09-04 23:56:36,458 [INFO] [DunyaNews] No active live broadcast detected
2026-09-04 23:56:36,459 [INFO] [DunyaNews] Skipping – channel offline or scrape failed
2026-09-04 23:56:40,155 [INFO] --------------------------------------------------
2026-09-04 23:56:40,155 [INFO] Processing channel 8/9: ExpressNews
2026-09-04 23:56:40,155 [INFO] Scraping: ExpressNews (https://www.youtube.com/@ExpressNewspkofficial/live)
2026-09-04 23:56:41,928 [INFO] [ExpressNews] No active live broadcast detected
2026-09-04 23:56:41,928 [INFO] [ExpressNews] Skipping – channel offline or scrape failed
2026-09-04 23:56:45,927 [INFO] --------------------------------------------------
2026-09-04 23:56:45,927 [INFO] Processing channel 9/9: PakistanGlobal
2026-09-04 23:56:45,927 [INFO] Scraping: PakistanGlobal (https://www.youtube.com/@pakistantvglobal/live)
2026-09-04 23:56:48,314 [INFO] [PakistanGlobal] No active live broadcast detected
2026-09-04 23:56:48,314 [INFO] [PakistanGlobal] Skipping – channel offline or scrape failed
2026-09-04 23:56:48,314 [INFO] ============================================================
2026-09-04 23:56:48,314 [INFO] Run complete – live: 0 | offline: 9 | failed: 0
2026-09-04 23:56:48,314 [WARNING] No live streams found – playlist not updated
2026-09-04 23:56:48,314 [INFO] Status written to playlist_status.json
2026-09-05 04:14:28,455 [INFO] ============================================================
2026-09-05 04:14:28,455 [INFO] IPTV Playlist Generator – starting run
2026-09-05 04:14:28,455 [INFO] ============================================================
2026-09-05 04:14:28,455 [INFO] Loaded 9 channel(s) from channels.txt
2026-09-05 04:14:28,455 [INFO] --------------------------------------------------
2026-09-05 04:14:28,456 [INFO] Processing channel 1/9: PTV NEWS
2026-09-05 04:14:28,456 [INFO] Scraping: PTV NEWS (https://www.youtube.com/@PTVNewsOfficial/live)
2026-09-05 04:14:30,778 [INFO] [PTV NEWS] No active live broadcast detected
2026-09-05 04:14:30,778 [INFO] [PTV NEWS] Skipping – channel offline or scrape failed
2026-09-05 04:14:34,966 [INFO] --------------------------------------------------
2026-09-05 04:14:34,966 [INFO] Processing channel 2/9: NatGeoANimals
2026-09-05 04:14:34,966 [INFO] Scraping: NatGeoANimals (https://www.youtube.com/@NatGeoAnimals/live)
2026-09-05 04:14:36,792 [INFO] [NatGeoANimals] No active live broadcast detected
2026-09-05 04:14:36,792 [INFO] [NatGeoANimals] Skipping – channel offline or scrape failed
2026-09-05 04:14:39,581 [INFO] --------------------------------------------------
2026-09-05 04:14:39,581 [INFO] Processing channel 3/9: GeoNews
2026-09-05 04:14:39,581 [INFO] Scraping: GeoNews (https://www.youtube.com/@geonews/live)
2026-09-05 04:14:41,878 [INFO] [GeoNews] No active live broadcast detected
2026-09-05 04:14:41,878 [INFO] [GeoNews] Skipping – channel offline or scrape failed
2026-09-05 04:14:43,988 [INFO] --------------------------------------------------
2026-09-05 04:14:43,988 [INFO] Processing channel 4/9: AryNews
2026-09-05 04:14:43,988 [INFO] Scraping: AryNews (https://www.youtube.com/@ArynewsTvofficial/live)
2026-09-05 04:14:46,419 [INFO] [AryNews] No active live broadcast detected
2026-09-05 04:14:46,420 [INFO] [AryNews] Skipping – channel offline or scrape failed
2026-09-05 04:14:49,972 [INFO] --------------------------------------------------
2026-09-05 04:14:49,972 [INFO] Processing channel 5/9: AryDigitalAsia
2026-09-05 04:14:49,972 [INFO] Scraping: AryDigitalAsia (https://www.youtube.com/@ARYDigitalasia/live)
2026-09-05 04:14:52,157 [INFO] [AryDigitalAsia] No active live broadcast detected
2026-09-05 04:14:52,157 [INFO] [AryDigitalAsia] Skipping – channel offline or scrape failed
2026-09-05 04:14:55,644 [INFO] --------------------------------------------------
2026-09-05 04:14:55,644 [INFO] Processing channel 6/9: SamaaTv
2026-09-05 04:14:55,644 [INFO] Scraping: SamaaTv (https://www.youtube.com/@Samaatv/live)
2026-09-05 04:14:57,474 [INFO] [SamaaTv] No active live broadcast detected
2026-09-05 04:14:57,474 [INFO] [SamaaTv] Skipping – channel offline or scrape failed
2026-09-05 04:15:01,382 [INFO] --------------------------------------------------
2026-09-05 04:15:01,382 [INFO] Processing channel 7/9: DunyaNews
2026-09-05 04:15:01,382 [INFO] Scraping: DunyaNews (https://www.youtube.com/@DunyanewsOfficial/live)
2026-09-05 04:15:02,924 [INFO] [DunyaNews] No active live broadcast detected
2026-09-05 04:15:02,924 [INFO] [DunyaNews] Skipping – channel offline or scrape failed
2026-09-05 04:15:06,292 [INFO] --------------------------------------------------
2026-09-05 04:15:06,292 [INFO] Processing channel 8/9: ExpressNews
2026-09-05 04:15:06,292 [INFO] Scraping: ExpressNews (https://www.youtube.com/@ExpressNewspkofficial/live)
2026-09-05 04:15:08,201 [INFO] [ExpressNews] No active live broadcast detected
2026-09-05 04:15:08,201 [INFO] [ExpressNews] Skipping – channel offline or scrape failed
2026-09-05 04:15:13,111 [INFO] --------------------------------------------------
2026-09-05 04:15:13,111 [INFO] Processing channel 9/9: PakistanGlobal
2026-09-05 04:15:13,111 [INFO] Scraping: PakistanGlobal (https://www.youtube.com/@pakistantvglobal/live)
2026-09-05 04:15:16,556 [INFO] [PakistanGlobal] No active live broadcast detected
2026-09-05 04:15:16,556 [INFO] [PakistanGlobal] Skipping – channel offline or scrape failed
2026-09-05 04:15:16,556 [INFO] ============================================================
2026-09-05 04:15:16,556 [INFO] Run complete – live: 0 | offline: 9 | failed: 0
2026-09-05 04:15:16,556 [WARNING] No live streams found – playlist not updated
2026-09-05 04:15:16,557 [INFO] Status written to playlist_status.json
2026-09-05 08:57:21,978 [INFO] ============================================================
2026-09-05 08:57:21,978 [INFO] IPTV Playlist Generator – starting run
2026-09-05 08:57:21,978 [INFO] ============================================================
2026-09-05 08:57:21,979 [INFO] Loaded 9 channel(s) from channels.txt
2026-09-05 08:57:21,979 [INFO] --------------------------------------------------
2026-09-05 08:57:21,979 [INFO] Processing channel 1/9: PTV NEWS
2026-09-05 08:57:21,979 [INFO] Scraping: PTV NEWS (https://www.youtube.com/@PTVNewsOfficial/live)
2026-09-05 08:57:24,136 [INFO] [PTV NEWS] No active live broadcast detected
2026-09-05 08:57:24,136 [INFO] [PTV NEWS] Skipping – channel offline or scrape failed
2026-09-05 08:57:29,096 [INFO] --------------------------------------------------
2026-09-05 08:57:29,096 [INFO] Processing channel 2/9: NatGeoANimals
2026-09-05 08:57:29,096 [INFO] Scraping: NatGeoANimals (https://www.youtube.com/@NatGeoAnimals/live)
2026-09-05 08:57:30,395 [INFO] [NatGeoANimals] No active live broadcast detected
2026-09-05 08:57:30,395 [INFO] [NatGeoANimals] Skipping – channel offline or scrape failed
2026-09-05 08:57:34,036 [INFO] --------------------------------------------------
2026-09-05 08:57:34,036 [INFO] Processing channel 3/9: GeoNews
2026-09-05 08:57:34,036 [INFO] Scraping: GeoNews (https://www.youtube.com/@geonews/live)
2026-09-05 08:57:35,579 [INFO] [GeoNews] No active live broadcast detected
2026-09-05 08:57:35,579 [INFO] [GeoNews] Skipping – channel offline or scrape failed
2026-09-05 08:57:40,154 [INFO] --------------------------------------------------
2026-09-05 08:57:40,154 [INFO] Processing channel 4/9: AryNews
2026-09-05 08:57:40,154 [INFO] Scraping: AryNews (https://www.youtube.com/@ArynewsTvofficial/live)
2026-09-05 08:57:42,212 [INFO] [AryNews] No active live broadcast detected
2026-09-05 08:57:42,213 [INFO] [AryNews] Skipping – channel offline or scrape failed
2026-09-05 08:57:45,355 [INFO] --------------------------------------------------
2026-09-05 08:57:45,355 [INFO] Processing channel 5/9: AryDigitalAsia
2026-09-05 08:57:45,355 [INFO] Scraping: AryDigitalAsia (https://www.youtube.com/@ARYDigitalasia/live)
2026-09-05 08:57:46,693 [INFO] [AryDigitalAsia] No active live broadcast detected
2026-09-05 08:57:46,693 [INFO] [AryDigitalAsia] Skipping – channel offline or scrape failed
2026-09-05 08:57:50,903 [INFO] --------------------------------------------------
2026-09-05 08:57:50,903 [INFO] Processing channel 6/9: SamaaTv
2026-09-05 08:57:50,903 [INFO] Scraping: SamaaTv (https://www.youtube.com/@Samaatv/live)
2026-09-05 08:57:52,888 [INFO] [SamaaTv] No active live broadcast detected
2026-09-05 08:57:52,889 [INFO] [SamaaTv] Skipping – channel offline or scrape failed
2026-09-05 08:57:55,300 [INFO] --------------------------------------------------
2026-09-05 08:57:55,300 [INFO] Processing channel 7/9: DunyaNews
2026-09-05 08:57:55,300 [INFO] Scraping: DunyaNews (https://www.youtube.com/@DunyanewsOfficial/live)
2026-09-05 08:57:56,607 [INFO] [DunyaNews] No active live broadcast detected
2026-09-05 08:57:56,607 [INFO] [DunyaNews] Skipping – channel offline or scrape failed
2026-09-05 08:58:00,574 [INFO] --------------------------------------------------
2026-09-05 08:58:00,574 [INFO] Processing channel 8/9: ExpressNews
2026-09-05 08:58:00,574 [INFO] Scraping: ExpressNews (https://www.youtube.com/@ExpressNewspkofficial/live)
2026-09-05 08:58:02,212 [INFO] [ExpressNews] No active live broadcast detected
2026-09-05 08:58:02,212 [INFO] [ExpressNews] Skipping – channel offline or scrape failed
2026-09-05 08:58:06,986 [INFO] --------------------------------------------------
2026-09-05 08:58:06,986 [INFO] Processing channel 9/9: PakistanGlobal
2026-09-05 08:58:06,986 [INFO] Scraping: PakistanGlobal (https://www.youtube.com/@pakistantvglobal/live)
2026-09-05 08:58:08,517 [INFO] [PakistanGlobal] No active live broadcast detected
2026-09-05 08:58:08,517 [INFO] [PakistanGlobal] Skipping – channel offline or scrape failed
2026-09-05 08:58:08,517 [INFO] ============================================================
2026-09-05 08:58:08,517 [INFO] Run complete – live: 0 | offline: 9 | failed: 0
2026-09-05 08:58:08,517 [WARNING] No live streams found – playlist not updated
2026-09-05 08:58:08,518 [INFO] Status written to playlist_status.json
2026-09-05 12:35:50,581 [INFO] ============================================================
2026-09-05 12:35:50,581 [INFO] IPTV Playlist Generator – starting run
2026-09-05 12:35:50,581 [INFO] ============================================================
2026-09-05 12:35:50,581 [INFO] Loaded 9 channel(s) from channels.txt
2026-09-05 12:35:50,581 [INFO] --------------------------------------------------
2026-09-05 12:35:50,581 [INFO] Processing channel 1/9: PTV NEWS
2026-09-05 12:35:50,581 [INFO] Scraping: PTV NEWS (https://www.youtube.com/@PTVNewsOfficial/live)
2026-09-05 12:35:52,111 [INFO] [PTV NEWS] No active live broadcast detected
2026-09-05 12:35:52,112 [INFO] [PTV NEWS] Skipping – channel offline or scrape failed
2026-09-05 12:35:55,277 [INFO] --------------------------------------------------
2026-09-05 12:35:55,277 [INFO] Processing channel 2/9: NatGeoANimals
2026-09-05 12:35:55,277 [INFO] Scraping: NatGeoANimals (https://www.youtube.com/@NatGeoAnimals/live)
2026-09-05 12:35:56,721 [INFO] [NatGeoANimals] No active live broadcast detected
2026-09-05 12:35:56,721 [INFO] [NatGeoANimals] Skipping – channel offline or scrape failed
2026-09-05 12:36:00,140 [INFO] --------------------------------------------------
2026-09-05 12:36:00,141 [INFO] Processing channel 3/9: GeoNews
2026-09-05 12:36:00,141 [INFO] Scraping: GeoNews (https://www.youtube.com/@geonews/live)
2026-09-05 12:36:02,180 [INFO] [GeoNews] No active live broadcast detected
2026-09-05 12:36:02,180 [INFO] [GeoNews] Skipping – channel offline or scrape failed
2026-09-05 12:36:05,906 [INFO] --------------------------------------------------
2026-09-05 12:36:05,906 [INFO] Processing channel 4/9: AryNews
2026-09-05 12:36:05,906 [INFO] Scraping: AryNews (https://www.youtube.com/@ArynewsTvofficial/live)
2026-09-05 12:36:07,394 [INFO] [AryNews] No active live broadcast detected
2026-09-05 12:36:07,394 [INFO] [AryNews] Skipping – channel offline or scrape failed
2026-09-05 12:36:10,257 [INFO] --------------------------------------------------
2026-09-05 12:36:10,257 [INFO] Processing channel 5/9: AryDigitalAsia
2026-09-05 12:36:10,257 [INFO] Scraping: AryDigitalAsia (https://www.youtube.com/@ARYDigitalasia/live)
2026-09-05 12:36:11,449 [INFO] [AryDigitalAsia] No active live broadcast detected
2026-09-05 12:36:11,450 [INFO] [AryDigitalAsia] Skipping – channel offline or scrape failed
2026-09-05 12:36:14,380 [INFO] --------------------------------------------------
2026-09-05 12:36:14,380 [INFO] Processing channel 6/9: SamaaTv
2026-09-05 12:36:14,380 [INFO] Scraping: SamaaTv (https://www.youtube.com/@Samaatv/live)
2026-09-05 12:36:16,703 [INFO] [SamaaTv] No active live broadcast detected
2026-09-05 12:36:16,703 [INFO] [SamaaTv] Skipping – channel offline or scrape failed
2026-09-05 12:36:20,444 [INFO] --------------------------------------------------
2026-09-05 12:36:20,444 [INFO] Processing channel 7/9: DunyaNews
2026-09-05 12:36:20,444 [INFO] Scraping: DunyaNews (https://www.youtube.com/@DunyanewsOfficial/live)
2026-09-05 12:36:22,415 [INFO] [DunyaNews] No active live broadcast detected
2026-09-05 12:36:22,415 [INFO] [DunyaNews] Skipping – channel offline or scrape failed
2026-09-05 12:36:26,587 [INFO] --------------------------------------------------
2026-09-05 12:36:26,588 [INFO] Processing channel 8/9: ExpressNews
2026-09-05 12:36:26,588 [INFO] Scraping: ExpressNews (https://www.youtube.com/@ExpressNewspkofficial/live)
2026-09-05 12:36:28,096 [INFO] [ExpressNews] No active live broadcast detected
2026-09-05 12:36:28,096 [INFO] [ExpressNews] Skipping – channel offline or scrape failed
2026-09-05 12:36:32,769 [INFO] --------------------------------------------------
2026-09-05 12:36:32,769 [INFO] Processing channel 9/9: PakistanGlobal
2026-09-05 12:36:32,769 [INFO] Scraping: PakistanGlobal (https://www.youtube.com/@pakistantvglobal/live)
2026-09-05 12:36:34,876 [INFO] [PakistanGlobal] No active live broadcast detected
2026-09-05 12:36:34,877 [INFO] [PakistanGlobal] Skipping – channel offline or scrape failed
2026-09-05 12:36:34,877 [INFO] ============================================================
2026-09-05 12:36:34,877 [INFO] Run complete – live: 0 | offline: 9 | failed: 0
2026-09-05 12:36:34,877 [WARNING] No live streams found – playlist not updated
2026-09-05 12:36:34,877 [INFO] Status written to playlist_status.json
2026-09-05 15:56:36,916 [INFO] ============================================================
2026-09-05 15:56:36,916 [INFO] IPTV Playlist Generator – starting run
2026-09-05 15:56:36,916 [INFO] ============================================================
2026-09-05 15:56:36,916 [INFO] Loaded 9 channel(s) from channels.txt
2026-09-05 15:56:36,917 [INFO] --------------------------------------------------
2026-09-05 15:56:36,917 [INFO] Processing channel 1/9: PTV NEWS
2026-09-05 15:56:36,917 [INFO] Scraping: PTV NEWS (https://www.youtube.com/@PTVNewsOfficial/live)
2026-09-05 15:56:38,993 [INFO] [PTV NEWS] No active live broadcast detected
2026-09-05 15:56:38,993 [INFO] [PTV NEWS] Skipping – channel offline or scrape failed
2026-09-05 15:56:42,762 [INFO] --------------------------------------------------
2026-09-05 15:56:42,762 [INFO] Processing channel 2/9: NatGeoANimals
2026-09-05 15:56:42,762 [INFO] Scraping: NatGeoANimals (https://www.youtube.com/@NatGeoAnimals/live)
2026-09-05 15:56:44,634 [INFO] [NatGeoANimals] No active live broadcast detected
2026-09-05 15:56:44,635 [INFO] [NatGeoANimals] Skipping – channel offline or scrape failed
2026-09-05 15:56:49,502 [INFO] --------------------------------------------------
2026-09-05 15:56:49,502 [INFO] Processing channel 3/9: GeoNews
2026-09-05 15:56:49,502 [INFO] Scraping: GeoNews (https://www.youtube.com/@geonews/live)
2026-09-05 15:56:52,152 [INFO] [GeoNews] No active live broadcast detected
2026-09-05 15:56:52,152 [INFO] [GeoNews] Skipping – channel offline or scrape failed
2026-09-05 15:56:56,965 [INFO] --------------------------------------------------
2026-09-05 15:56:56,965 [INFO] Processing channel 4/9: AryNews
2026-09-05 15:56:56,965 [INFO] Scraping: AryNews (https://www.youtube.com/@ArynewsTvofficial/live)
2026-09-05 15:56:58,317 [INFO] [AryNews] No active live broadcast detected
2026-09-05 15:56:58,317 [INFO] [AryNews] Skipping – channel offline or scrape failed
2026-09-05 15:57:01,472 [INFO] --------------------------------------------------
2026-09-05 15:57:01,472 [INFO] Processing channel 5/9: AryDigitalAsia
2026-09-05 15:57:01,472 [INFO] Scraping: AryDigitalAsia (https://www.youtube.com/@ARYDigitalasia/live)
2026-09-05 15:57:03,560 [INFO] [AryDigitalAsia] No active live broadcast detected
2026-09-05 15:57:03,560 [INFO] [AryDigitalAsia] Skipping – channel offline or scrape failed
2026-09-05 15:57:08,475 [INFO] --------------------------------------------------
2026-09-05 15:57:08,475 [INFO] Processing channel 6/9: SamaaTv
2026-09-05 15:57:08,475 [INFO] Scraping: SamaaTv (https://www.youtube.com/@Samaatv/live)
2026-09-05 15:57:10,318 [INFO] [SamaaTv] No active live broadcast detected
2026-09-05 15:57:10,318 [INFO] [SamaaTv] Skipping – channel offline or scrape failed
2026-09-05 15:57:13,995 [INFO] --------------------------------------------------
2026-09-05 15:57:13,995 [INFO] Processing channel 7/9: DunyaNews
2026-09-05 15:57:13,995 [INFO] Scraping: DunyaNews (https://www.youtube.com/@DunyanewsOfficial/live)
2026-09-05 15:57:16,054 [INFO] [DunyaNews] No active live broadcast detected
2026-09-05 15:57:16,054 [INFO] [DunyaNews] Skipping – channel offline or scrape failed
2026-09-05 15:57:20,576 [INFO] --------------------------------------------------
2026-09-05 15:57:20,576 [INFO] Processing channel 8/9: ExpressNews
2026-09-05 15:57:20,576 [INFO] Scraping: ExpressNews (https://www.youtube.com/@ExpressNewspkofficial/live)
2026-09-05 15:57:22,229 [INFO] [ExpressNews] No active live broadcast detected
2026-09-05 15:57:22,229 [INFO] [ExpressNews] Skipping – channel offline or scrape failed
2026-09-05 15:57:24,870 [INFO] --------------------------------------------------
2026-09-05 15:57:24,870 [INFO] Processing channel 9/9: PakistanGlobal
2026-09-05 15:57:24,870 [INFO] Scraping: PakistanGlobal (https://www.youtube.com/@pakistantvglobal/live)
2026-09-05 15:57:26,272 [INFO] [PakistanGlobal] No active live broadcast detected
2026-09-05 15:57:26,272 [INFO] [PakistanGlobal] Skipping – channel offline or scrape failed
2026-09-05 15:57:26,272 [INFO] ============================================================
2026-09-05 15:57:26,272 [INFO] Run complete – live: 0 | offline: 9 | failed: 0
2026-09-05 15:57:26,272 [WARNING] No live streams found – playlist not updated
2026-09-05 15:57:26,272 [INFO] Status written to playlist_status.json
2026-09-05 18:08:35,414 [INFO] ============================================================
2026-09-05 18:08:35,414 [INFO] IPTV Playlist Generator – starting run
2026-09-05 18:08:35,414 [INFO] ============================================================
2026-09-05 18:08:35,414 [INFO] Loaded 9 channel(s) from channels.txt
2026-09-05 18:08:35,415 [INFO] --------------------------------------------------
2026-09-05 18:08:35,415 [INFO] Processing channel 1/9: PTV NEWS
2026-09-05 18:08:35,415 [INFO] Scraping: PTV NEWS (https://www.youtube.com/@PTVNewsOfficial/live)
2026-09-05 18:08:37,847 [INFO] [PTV NEWS] No active live broadcast detected
2026-09-05 18:08:37,847 [INFO] [PTV NEWS] Skipping – channel offline or scrape failed
2026-09-05 18:08:40,140 [INFO] --------------------------------------------------
2026-09-05 18:08:40,141 [INFO] Processing channel 2/9: NatGeoANimals
2026-09-05 18:08:40,141 [INFO] Scraping: NatGeoANimals (https://www.youtube.com/@NatGeoAnimals/live)
2026-09-05 18:08:41,440 [INFO] [NatGeoANimals] No active live broadcast detected
2026-09-05 18:08:41,440 [INFO] [NatGeoANimals] Skipping – channel offline or scrape failed
2026-09-05 18:08:43,693 [INFO] --------------------------------------------------
2026-09-05 18:08:43,693 [INFO] Processing channel 3/9: GeoNews
2026-09-05 18:08:43,693 [INFO] Scraping: GeoNews (https://www.youtube.com/@geonews/live)
2026-09-05 18:08:45,480 [INFO] [GeoNews] No active live broadcast detected
2026-09-05 18:08:45,480 [INFO] [GeoNews] Skipping – channel offline or scrape failed
2026-09-05 18:08:47,873 [INFO] --------------------------------------------------
2026-09-05 18:08:47,873 [INFO] Processing channel 4/9: AryNews
2026-09-05 18:08:47,873 [INFO] Scraping: AryNews (https://www.youtube.com/@ArynewsTvofficial/live)
2026-09-05 18:08:50,310 [INFO] [AryNews] No active live broadcast detected
2026-09-05 18:08:50,310 [INFO] [AryNews] Skipping – channel offline or scrape failed
2026-09-05 18:08:54,160 [INFO] --------------------------------------------------
2026-09-05 18:08:54,160 [INFO] Processing channel 5/9: AryDigitalAsia
2026-09-05 18:08:54,160 [INFO] Scraping: AryDigitalAsia (https://www.youtube.com/@ARYDigitalasia/live)
2026-09-05 18:08:56,193 [INFO] [AryDigitalAsia] No active live broadcast detected
2026-09-05 18:08:56,193 [INFO] [AryDigitalAsia] Skipping – channel offline or scrape failed
2026-09-05 18:08:58,576 [INFO] --------------------------------------------------
2026-09-05 18:08:58,577 [INFO] Processing channel 6/9: SamaaTv
2026-09-05 18:08:58,577 [INFO] Scraping: SamaaTv (https://www.youtube.com/@Samaatv/live)
2026-09-05 18:09:00,540 [INFO] [SamaaTv] No active live broadcast detected
2026-09-05 18:09:00,540 [INFO] [SamaaTv] Skipping – channel offline or scrape failed
2026-09-05 18:09:04,423 [INFO] --------------------------------------------------
2026-09-05 18:09:04,423 [INFO] Processing channel 7/9: DunyaNews
2026-09-05 18:09:04,423 [INFO] Scraping: DunyaNews (https://www.youtube.com/@DunyanewsOfficial/live)
2026-09-05 18:09:06,145 [INFO] [DunyaNews] No active live broadcast detected
2026-09-05 18:09:06,145 [INFO] [DunyaNews] Skipping – channel offline or scrape failed
2026-09-05 18:09:10,703 [INFO] --------------------------------------------------
2026-09-05 18:09:10,703 [INFO] Processing channel 8/9: ExpressNews
2026-09-05 18:09:10,703 [INFO] Scraping: ExpressNews (https://www.youtube.com/@ExpressNewspkofficial/live)
2026-09-05 18:09:12,733 [INFO] [ExpressNews] No active live broadcast detected
2026-09-05 18:09:12,734 [INFO] [ExpressNews] Skipping – channel offline or scrape failed
2026-09-05 18:09:15,697 [INFO] --------------------------------------------------
2026-09-05 18:09:15,697 [INFO] Processing channel 9/9: PakistanGlobal
2026-09-05 18:09:15,697 [INFO] Scraping: PakistanGlobal (https://www.youtube.com/@pakistantvglobal/live)
2026-09-05 18:09:17,728 [INFO] [PakistanGlobal] No active live broadcast detected
2026-09-05 18:09:17,728 [INFO] [PakistanGlobal] Skipping – channel offline or scrape failed
2026-09-05 18:09:17,728 [INFO] ============================================================
2026-09-05 18:09:17,728 [INFO] Run complete – live: 0 | offline: 9 | failed: 0
2026-09-05 18:09:17,729 [WARNING] No live streams found – playlist not updated
2026-09-05 18:09:17,729 [INFO] Status written to playlist_status.json
2026-09-05 21:06:47,164 [INFO] ============================================================
2026-09-05 21:06:47,164 [INFO] IPTV Playlist Generator – starting run
2026-09-05 21:06:47,164 [INFO] ============================================================
2026-09-05 21:06:47,164 [INFO] Loaded 9 channel(s) from channels.txt
2026-09-05 21:06:47,164 [INFO] --------------------------------------------------
2026-09-05 21:06:47,164 [INFO] Processing channel 1/9: PTV NEWS
2026-09-05 21:06:47,165 [INFO] Scraping: PTV NEWS (https://www.youtube.com/@PTVNewsOfficial/live)
2026-09-05 21:06:48,718 [INFO] [PTV NEWS] No active live broadcast detected
2026-09-05 21:06:48,719 [INFO] [PTV NEWS] Skipping – channel offline or scrape failed
2026-09-05 21:06:51,458 [INFO] --------------------------------------------------
2026-09-05 21:06:51,458 [INFO] Processing channel 2/9: NatGeoANimals
2026-09-05 21:06:51,458 [INFO] Scraping: NatGeoANimals (https://www.youtube.com/@NatGeoAnimals/live)
2026-09-05 21:06:53,307 [INFO] [NatGeoANimals] No active live broadcast detected
2026-09-05 21:06:53,307 [INFO] [NatGeoANimals] Skipping – channel offline or scrape failed
2026-09-05 21:06:55,373 [INFO] --------------------------------------------------
2026-09-05 21:06:55,373 [INFO] Processing channel 3/9: GeoNews
2026-09-05 21:06:55,373 [INFO] Scraping: GeoNews (https://www.youtube.com/@geonews/live)
2026-09-05 21:06:57,748 [INFO] [GeoNews] No active live broadcast detected
2026-09-05 21:06:57,748 [INFO] [GeoNews] Skipping – channel offline or scrape failed
2026-09-05 21:07:00,179 [INFO] --------------------------------------------------
2026-09-05 21:07:00,179 [INFO] Processing channel 4/9: AryNews
2026-09-05 21:07:00,179 [INFO] Scraping: AryNews (https://www.youtube.com/@ArynewsTvofficial/live)
2026-09-05 21:07:02,031 [INFO] [AryNews] No active live broadcast detected
2026-09-05 21:07:02,031 [INFO] [AryNews] Skipping – channel offline or scrape failed
2026-09-05 21:07:05,061 [INFO] --------------------------------------------------
2026-09-05 21:07:05,061 [INFO] Processing channel 5/9: AryDigitalAsia
2026-09-05 21:07:05,061 [INFO] Scraping: AryDigitalAsia (https://www.youtube.com/@ARYDigitalasia/live)
2026-09-05 21:07:07,043 [INFO] [AryDigitalAsia] No active live broadcast detected
2026-09-05 21:07:07,043 [INFO] [AryDigitalAsia] Skipping – channel offline or scrape failed
2026-09-05 21:07:11,822 [INFO] --------------------------------------------------
2026-09-05 21:07:11,822 [INFO] Processing channel 6/9: SamaaTv
2026-09-05 21:07:11,822 [INFO] Scraping: SamaaTv (https://www.youtube.com/@Samaatv/live)
2026-09-05 21:07:13,474 [INFO] [SamaaTv] No active live broadcast detected
2026-09-05 21:07:13,474 [INFO] [SamaaTv] Skipping – channel offline or scrape failed
2026-09-05 21:07:17,013 [INFO] --------------------------------------------------
2026-09-05 21:07:17,013 [INFO] Processing channel 7/9: DunyaNews
2026-09-05 21:07:17,013 [INFO] Scraping: DunyaNews (https://www.youtube.com/@DunyanewsOfficial/live)
2026-09-05 21:07:19,346 [INFO] [DunyaNews] No active live broadcast detected
2026-09-05 21:07:19,346 [INFO] [DunyaNews] Skipping – channel offline or scrape failed
2026-09-05 21:07:24,160 [INFO] --------------------------------------------------
2026-09-05 21:07:24,160 [INFO] Processing channel 8/9: ExpressNews
2026-09-05 21:07:24,160 [INFO] Scraping: ExpressNews (https://www.youtube.com/@ExpressNewspkofficial/live)
2026-09-05 21:07:25,962 [INFO] [ExpressNews] No active live broadcast detected
2026-09-05 21:07:25,962 [INFO] [ExpressNews] Skipping – channel offline or scrape failed
2026-09-05 21:07:29,320 [INFO] --------------------------------------------------
2026-09-05 21:07:29,320 [INFO] Processing channel 9/9: PakistanGlobal
2026-09-05 21:07:29,320 [INFO] Scraping: PakistanGlobal (https://www.youtube.com/@pakistantvglobal/live)
2026-09-05 21:07:30,961 [INFO] [PakistanGlobal] No active live broadcast detected
2026-09-05 21:07:30,961 [INFO] [PakistanGlobal] Skipping – channel offline or scrape failed
2026-09-05 21:07:30,962 [INFO] ============================================================
2026-09-05 21:07:30,962 [INFO] Run complete – live: 0 | offline: 9 | failed: 0
2026-09-05 21:07:30,962 [WARNING] No live streams found – playlist not updated
2026-09-05 21:07:30,962 [INFO] Status written to playlist_status.json
2026-09-05 23:46:13,378 [INFO] ============================================================
2026-09-05 23:46:13,379 [INFO] IPTV Playlist Generator – starting run
2026-09-05 23:46:13,379 [INFO] ============================================================
2026-09-05 23:46:13,379 [INFO] Loaded 9 channel(s) from channels.txt
2026-09-05 23:46:13,379 [INFO] --------------------------------------------------
2026-09-05 23:46:13,379 [INFO] Processing channel 1/9: PTV NEWS
2026-09-05 23:46:13,379 [INFO] Scraping: PTV NEWS (https://www.youtube.com/@PTVNewsOfficial/live)
2026-09-05 23:46:15,259 [INFO] [PTV NEWS] No active live broadcast detected
2026-09-05 23:46:15,259 [INFO] [PTV NEWS] Skipping – channel offline or scrape failed
2026-09-05 23:46:18,636 [INFO] --------------------------------------------------
2026-09-05 23:46:18,637 [INFO] Processing channel 2/9: NatGeoANimals
2026-09-05 23:46:18,637 [INFO] Scraping: NatGeoANimals (https://www.youtube.com/@NatGeoAnimals/live)
2026-09-05 23:46:20,160 [INFO] [NatGeoANimals] No active live broadcast detected
2026-09-05 23:46:20,160 [INFO] [NatGeoANimals] Skipping – channel offline or scrape failed
2026-09-05 23:46:24,886 [INFO] --------------------------------------------------
2026-09-05 23:46:24,886 [INFO] Processing channel 3/9: GeoNews
2026-09-05 23:46:24,886 [INFO] Scraping: GeoNews (https://www.youtube.com/@geonews/live)
2026-09-05 23:46:26,461 [INFO] [GeoNews] No active live broadcast detected
2026-09-05 23:46:26,461 [INFO] [GeoNews] Skipping – channel offline or scrape failed
2026-09-05 23:46:29,831 [INFO] --------------------------------------------------
2026-09-05 23:46:29,832 [INFO] Processing channel 4/9: AryNews
2026-09-05 23:46:29,832 [INFO] Scraping: AryNews (https://www.youtube.com/@ArynewsTvofficial/live)
2026-09-05 23:46:32,223 [INFO] [AryNews] No active live broadcast detected
2026-09-05 23:46:32,223 [INFO] [AryNews] Skipping – channel offline or scrape failed
2026-09-05 23:46:35,456 [INFO] --------------------------------------------------
2026-09-05 23:46:35,456 [INFO] Processing channel 5/9: AryDigitalAsia
2026-09-05 23:46:35,456 [INFO] Scraping: AryDigitalAsia (https://www.youtube.com/@ARYDigitalasia/live)
2026-09-05 23:46:37,707 [INFO] [AryDigitalAsia] No active live broadcast detected
2026-09-05 23:46:37,707 [INFO] [AryDigitalAsia] Skipping – channel offline or scrape failed
2026-09-05 23:46:39,920 [INFO] --------------------------------------------------
2026-09-05 23:46:39,920 [INFO] Processing channel 6/9: SamaaTv
2026-09-05 23:46:39,920 [INFO] Scraping: SamaaTv (https://www.youtube.com/@Samaatv/live)
2026-09-05 23:46:41,859 [INFO] [SamaaTv] No active live broadcast detected
2026-09-05 23:46:41,859 [INFO] [SamaaTv] Skipping – channel offline or scrape failed
2026-09-05 23:46:45,955 [INFO] --------------------------------------------------
2026-09-05 23:46:45,955 [INFO] Processing channel 7/9: DunyaNews
2026-09-05 23:46:45,955 [INFO] Scraping: DunyaNews (https://www.youtube.com/@DunyanewsOfficial/live)
2026-09-05 23:46:47,577 [INFO] [DunyaNews] No active live broadcast detected
2026-09-05 23:46:47,577 [INFO] [DunyaNews] Skipping – channel offline or scrape failed
2026-09-05 23:46:52,034 [INFO] --------------------------------------------------
2026-09-05 23:46:52,034 [INFO] Processing channel 8/9: ExpressNews
2026-09-05 23:46:52,034 [INFO] Scraping: ExpressNews (https://www.youtube.com/@ExpressNewspkofficial/live)
2026-09-05 23:46:53,937 [INFO] [ExpressNews] No active live broadcast detected
2026-09-05 23:46:53,938 [INFO] [ExpressNews] Skipping – channel offline or scrape failed
2026-09-05 23:46:56,852 [INFO] --------------------------------------------------
2026-09-05 23:46:56,853 [INFO] Processing channel 9/9: PakistanGlobal
2026-09-05 23:46:56,853 [INFO] Scraping: PakistanGlobal (https://www.youtube.com/@pakistantvglobal/live)
2026-09-05 23:46:59,060 [INFO] [PakistanGlobal] No active live broadcast detected
2026-09-05 23:46:59,060 [INFO] [PakistanGlobal] Skipping – channel offline or scrape failed
2026-09-05 23:46:59,060 [INFO] ============================================================
2026-09-05 23:46:59,060 [INFO] Run complete – live: 0 | offline: 9 | failed: 0
2026-09-05 23:46:59,060 [WARNING] No live streams found – playlist not updated
2026-09-05 23:46:59,060 [INFO] Status written to playlist_status.json
2026-09-06 04:23:03,157 [INFO] ============================================================
2026-09-06 04:23:03,157 [INFO] IPTV Playlist Generator – starting run
2026-09-06 04:23:03,157 [INFO] ============================================================
2026-09-06 04:23:03,157 [INFO] Loaded 9 channel(s) from channels.txt
2026-09-06 04:23:03,158 [INFO] --------------------------------------------------
2026-09-06 04:23:03,158 [INFO] Processing channel 1/9: PTV NEWS
2026-09-06 04:23:03,158 [INFO] Scraping: PTV NEWS (https://www.youtube.com/@PTVNewsOfficial/live)
2026-09-06 04:23:05,483 [INFO] [PTV NEWS] No active live broadcast detected
2026-09-06 04:23:05,483 [INFO] [PTV NEWS] Skipping – channel offline or scrape failed
2026-09-06 04:23:09,819 [INFO] --------------------------------------------------
2026-09-06 04:23:09,819 [INFO] Processing channel 2/9: NatGeoANimals
2026-09-06 04:23:09,819 [INFO] Scraping: NatGeoANimals (https://www.youtube.com/@NatGeoAnimals/live)
2026-09-06 04:23:12,321 [INFO] [NatGeoANimals] No active live broadcast detected
2026-09-06 04:23:12,321 [INFO] [NatGeoANimals] Skipping – channel offline or scrape failed
2026-09-06 04:23:14,475 [INFO] --------------------------------------------------
2026-09-06 04:23:14,476 [INFO] Processing channel 3/9: GeoNews
2026-09-06 04:23:14,476 [INFO] Scraping: GeoNews (https://www.youtube.com/@geonews/live)
2026-09-06 04:23:15,971 [INFO] [GeoNews] No active live broadcast detected
2026-09-06 04:23:15,972 [INFO] [GeoNews] Skipping – channel offline or scrape failed
2026-09-06 04:23:18,587 [INFO] --------------------------------------------------
2026-09-06 04:23:18,587 [INFO] Processing channel 4/9: AryNews
2026-09-06 04:23:18,587 [INFO] Scraping: AryNews (https://www.youtube.com/@ArynewsTvofficial/live)
2026-09-06 04:23:20,658 [INFO] [AryNews] No active live broadcast detected
2026-09-06 04:23:20,658 [INFO] [AryNews] Skipping – channel offline or scrape failed
2026-09-06 04:23:25,195 [INFO] --------------------------------------------------
2026-09-06 04:23:25,195 [INFO] Processing channel 5/9: AryDigitalAsia
2026-09-06 04:23:25,195 [INFO] Scraping: AryDigitalAsia (https://www.youtube.com/@ARYDigitalasia/live)
2026-09-06 04:23:27,278 [INFO] [AryDigitalAsia] No active live broadcast detected
2026-09-06 04:23:27,278 [INFO] [AryDigitalAsia] Skipping – channel offline or scrape failed
2026-09-06 04:23:30,417 [INFO] --------------------------------------------------
2026-09-06 04:23:30,417 [INFO] Processing channel 6/9: SamaaTv
2026-09-06 04:23:30,417 [INFO] Scraping: SamaaTv (https://www.youtube.com/@Samaatv/live)
2026-09-06 04:23:32,295 [INFO] [SamaaTv] No active live broadcast detected
2026-09-06 04:23:32,295 [INFO] [SamaaTv] Skipping – channel offline or scrape failed
2026-09-06 04:23:35,545 [INFO] --------------------------------------------------
2026-09-06 04:23:35,545 [INFO] Processing channel 7/9: DunyaNews
2026-09-06 04:23:35,545 [INFO] Scraping: DunyaNews (https://www.youtube.com/@DunyanewsOfficial/live)
2026-09-06 04:23:36,883 [INFO] [DunyaNews] No active live broadcast detected
2026-09-06 04:23:36,883 [INFO] [DunyaNews] Skipping – channel offline or scrape failed
2026-09-06 04:23:41,048 [INFO] --------------------------------------------------
2026-09-06 04:23:41,048 [INFO] Processing channel 8/9: ExpressNews
2026-09-06 04:23:41,048 [INFO] Scraping: ExpressNews (https://www.youtube.com/@ExpressNewspkofficial/live)
2026-09-06 04:23:42,969 [INFO] [ExpressNews] No active live broadcast detected
2026-09-06 04:23:42,969 [INFO] [ExpressNews] Skipping – channel offline or scrape failed
2026-09-06 04:23:47,321 [INFO] --------------------------------------------------
2026-09-06 04:23:47,321 [INFO] Processing channel 9/9: PakistanGlobal
2026-09-06 04:23:47,321 [INFO] Scraping: PakistanGlobal (https://www.youtube.com/@pakistantvglobal/live)
2026-09-06 04:23:49,254 [INFO] [PakistanGlobal] No active live broadcast detected
2026-09-06 04:23:49,255 [INFO] [PakistanGlobal] Skipping – channel offline or scrape failed
2026-09-06 04:23:49,255 [INFO] ============================================================
2026-09-06 04:23:49,255 [INFO] Run complete – live: 0 | offline: 9 | failed: 0
2026-09-06 04:23:49,255 [WARNING] No live streams found – playlist not updated
2026-09-06 04:23:49,255 [INFO] Status written to playlist_status.json
2026-09-06 09:18:05,866 [INFO] ============================================================
2026-09-06 09:18:05,866 [INFO] IPTV Playlist Generator – starting run
2026-09-06 09:18:05,867 [INFO] ============================================================
2026-09-06 09:18:05,867 [INFO] Loaded 9 channel(s) from channels.txt
2026-09-06 09:18:05,867 [INFO] --------------------------------------------------
2026-09-06 09:18:05,867 [INFO] Processing channel 1/9: PTV NEWS
2026-09-06 09:18:05,867 [INFO] Scraping: PTV NEWS (https://www.youtube.com/@PTVNewsOfficial/live)
2026-09-06 09:18:07,803 [INFO] [PTV NEWS] No active live broadcast detected
2026-09-06 09:18:07,804 [INFO] [PTV NEWS] Skipping – channel offline or scrape failed
2026-09-06 09:18:10,176 [INFO] --------------------------------------------------
2026-09-06 09:18:10,176 [INFO] Processing channel 2/9: NatGeoANimals
2026-09-06 09:18:10,176 [INFO] Scraping: NatGeoANimals (https://www.youtube.com/@NatGeoAnimals/live)
2026-09-06 09:18:12,130 [INFO] [NatGeoANimals] No active live broadcast detected
2026-09-06 09:18:12,130 [INFO] [NatGeoANimals] Skipping – channel offline or scrape failed
2026-09-06 09:18:16,541 [INFO] --------------------------------------------------
2026-09-06 09:18:16,541 [INFO] Processing channel 3/9: GeoNews
2026-09-06 09:18:16,541 [INFO] Scraping: GeoNews (https://www.youtube.com/@geonews/live)
2026-09-06 09:18:17,768 [INFO] [GeoNews] No active live broadcast detected
2026-09-06 09:18:17,768 [INFO] [GeoNews] Skipping – channel offline or scrape failed
2026-09-06 09:18:19,932 [INFO] --------------------------------------------------
2026-09-06 09:18:19,933 [INFO] Processing channel 4/9: AryNews
2026-09-06 09:18:19,933 [INFO] Scraping: AryNews (https://www.youtube.com/@ArynewsTvofficial/live)
2026-09-06 09:18:21,467 [INFO] [AryNews] No active live broadcast detected
2026-09-06 09:18:21,467 [INFO] [AryNews] Skipping – channel offline or scrape failed
2026-09-06 09:18:25,884 [INFO] --------------------------------------------------
2026-09-06 09:18:25,885 [INFO] Processing channel 5/9: AryDigitalAsia
2026-09-06 09:18:25,885 [INFO] Scraping: AryDigitalAsia (https://www.youtube.com/@ARYDigitalasia/live)
2026-09-06 09:18:27,760 [INFO] [AryDigitalAsia] No active live broadcast detected
2026-09-06 09:18:27,760 [INFO] [AryDigitalAsia] Skipping – channel offline or scrape failed
2026-09-06 09:18:30,187 [INFO] --------------------------------------------------
2026-09-06 09:18:30,187 [INFO] Processing channel 6/9: SamaaTv
2026-09-06 09:18:30,187 [INFO] Scraping: SamaaTv (https://www.youtube.com/@Samaatv/live)
2026-09-06 09:18:32,260 [INFO] [SamaaTv] No active live broadcast detected
2026-09-06 09:18:32,260 [INFO] [SamaaTv] Skipping – channel offline or scrape failed
2026-09-06 09:18:37,143 [INFO] --------------------------------------------------
2026-09-06 09:18:37,143 [INFO] Processing channel 7/9: DunyaNews
2026-09-06 09:18:37,143 [INFO] Scraping: DunyaNews (https://www.youtube.com/@DunyanewsOfficial/live)
2026-09-06 09:18:38,943 [INFO] [DunyaNews] No active live broadcast detected
2026-09-06 09:18:38,943 [INFO] [DunyaNews] Skipping – channel offline or scrape failed
2026-09-06 09:18:41,177 [INFO] --------------------------------------------------
2026-09-06 09:18:41,177 [INFO] Processing channel 8/9: ExpressNews
2026-09-06 09:18:41,177 [INFO] Scraping: ExpressNews (https://www.youtube.com/@ExpressNewspkofficial/live)
2026-09-06 09:18:43,519 [INFO] [ExpressNews] No active live broadcast detected
2026-09-06 09:18:43,519 [INFO] [ExpressNews] Skipping – channel offline or scrape failed
2026-09-06 09:18:48,196 [INFO] --------------------------------------------------
2026-09-06 09:18:48,196 [INFO] Processing channel 9/9: PakistanGlobal
2026-09-06 09:18:48,196 [INFO] Scraping: PakistanGlobal (https://www.youtube.com/@pakistantvglobal/live)
2026-09-06 09:18:49,844 [INFO] [PakistanGlobal] No active live broadcast detected
2026-09-06 09:18:49,845 [INFO] [PakistanGlobal] Skipping – channel offline or scrape failed
2026-09-06 09:18:49,845 [INFO] ============================================================
2026-09-06 09:18:49,845 [INFO] Run complete – live: 0 | offline: 9 | failed: 0
2026-09-06 09:18:49,845 [WARNING] No live streams found – playlist not updated
2026-09-06 09:18:49,845 [INFO] Status written to playlist_status.json
2026-09-06 13:34:37,662 [INFO] ============================================================
2026-09-06 13:34:37,662 [INFO] IPTV Playlist Generator – starting run
2026-09-06 13:34:37,663 [INFO] ============================================================
2026-09-06 13:34:37,663 [INFO] Loaded 9 channel(s) from channels.txt
2026-09-06 13:34:37,663 [INFO] --------------------------------------------------
2026-09-06 13:34:37,663 [INFO] Processing channel 1/9: PTV NEWS
2026-09-06 13:34:37,663 [INFO] Scraping: PTV NEWS (https://www.youtube.com/@PTVNewsOfficial/live)
2026-09-06 13:34:39,329 [INFO] [PTV NEWS] No active live broadcast detected
2026-09-06 13:34:39,330 [INFO] [PTV NEWS] Skipping – channel offline or scrape failed
2026-09-06 13:34:44,143 [INFO] --------------------------------------------------
2026-09-06 13:34:44,143 [INFO] Processing channel 2/9: NatGeoANimals
2026-09-06 13:34:44,144 [INFO] Scraping: NatGeoANimals (https://www.youtube.com/@NatGeoAnimals/live)
2026-09-06 13:34:45,981 [INFO] [NatGeoANimals] No active live broadcast detected
2026-09-06 13:34:45,981 [INFO] [NatGeoANimals] Skipping – channel offline or scrape failed
2026-09-06 13:34:49,455 [INFO] --------------------------------------------------
2026-09-06 13:34:49,455 [INFO] Processing channel 3/9: GeoNews
2026-09-06 13:34:49,455 [INFO] Scraping: GeoNews (https://www.youtube.com/@geonews/live)
2026-09-06 13:34:51,732 [INFO] [GeoNews] No active live broadcast detected
2026-09-06 13:34:51,732 [INFO] [GeoNews] Skipping – channel offline or scrape failed
2026-09-06 13:34:54,010 [INFO] --------------------------------------------------
2026-09-06 13:34:54,011 [INFO] Processing channel 4/9: AryNews
2026-09-06 13:34:54,011 [INFO] Scraping: AryNews (https://www.youtube.com/@ArynewsTvofficial/live)
2026-09-06 13:34:55,875 [INFO] [AryNews] No active live broadcast detected
2026-09-06 13:34:55,876 [INFO] [AryNews] Skipping – channel offline or scrape failed
2026-09-06 13:34:58,907 [INFO] --------------------------------------------------
2026-09-06 13:34:58,907 [INFO] Processing channel 5/9: AryDigitalAsia
2026-09-06 13:34:58,907 [INFO] Scraping: AryDigitalAsia (https://www.youtube.com/@ARYDigitalasia/live)
2026-09-06 13:35:01,366 [INFO] [AryDigitalAsia] No active live broadcast detected
2026-09-06 13:35:01,367 [INFO] [AryDigitalAsia] Skipping – channel offline or scrape failed
2026-09-06 13:35:04,831 [INFO] --------------------------------------------------
2026-09-06 13:35:04,831 [INFO] Processing channel 6/9: SamaaTv
2026-09-06 13:35:04,832 [INFO] Scraping: SamaaTv (https://www.youtube.com/@Samaatv/live)
2026-09-06 13:35:06,859 [INFO] [SamaaTv] No active live broadcast detected
2026-09-06 13:35:06,859 [INFO] [SamaaTv] Skipping – channel offline or scrape failed
2026-09-06 13:35:11,516 [INFO] --------------------------------------------------
2026-09-06 13:35:11,517 [INFO] Processing channel 7/9: DunyaNews
2026-09-06 13:35:11,517 [INFO] Scraping: DunyaNews (https://www.youtube.com/@DunyanewsOfficial/live)
2026-09-06 13:35:13,390 [INFO] [DunyaNews] No active live broadcast detected
2026-09-06 13:35:13,390 [INFO] [DunyaNews] Skipping – channel offline or scrape failed
2026-09-06 13:35:17,090 [INFO] --------------------------------------------------
2026-09-06 13:35:17,090 [INFO] Processing channel 8/9: ExpressNews
2026-09-06 13:35:17,090 [INFO] Scraping: ExpressNews (https://www.youtube.com/@ExpressNewspkofficial/live)
2026-09-06 13:35:18,732 [INFO] [ExpressNews] No active live broadcast detected
2026-09-06 13:35:18,732 [INFO] [ExpressNews] Skipping – channel offline or scrape failed
2026-09-06 13:35:23,312 [INFO] --------------------------------------------------
2026-09-06 13:35:23,312 [INFO] Processing channel 9/9: PakistanGlobal
2026-09-06 13:35:23,312 [INFO] Scraping: PakistanGlobal (https://www.youtube.com/@pakistantvglobal/live)
2026-09-06 13:35:24,887 [INFO] [PakistanGlobal] No active live broadcast detected
2026-09-06 13:35:24,887 [INFO] [PakistanGlobal] Skipping – channel offline or scrape failed
2026-09-06 13:35:24,887 [INFO] ============================================================
2026-09-06 13:35:24,887 [INFO] Run complete – live: 0 | offline: 9 | failed: 0
2026-09-06 13:35:24,887 [WARNING] No live streams found – playlist not updated
2026-09-06 13:35:24,888 [INFO] Status written to playlist_status.json
2026-09-06 16:53:23,555 [INFO] ============================================================
2026-09-06 16:53:23,555 [INFO] IPTV Playlist Generator – starting run
2026-09-06 16:53:23,555 [INFO] ============================================================
2026-09-06 16:53:23,556 [INFO] Loaded 9 channel(s) from channels.txt
2026-09-06 16:53:23,556 [INFO] --------------------------------------------------
2026-09-06 16:53:23,556 [INFO] Processing channel 1/9: PTV NEWS
2026-09-06 16:53:23,556 [INFO] Scraping: PTV NEWS (https://www.youtube.com/@PTVNewsOfficial/live)
2026-09-06 16:53:25,217 [INFO] [PTV NEWS] No active live broadcast detected
2026-09-06 16:53:25,218 [INFO] [PTV NEWS] Skipping – channel offline or scrape failed
2026-09-06 16:53:29,258 [INFO] --------------------------------------------------
2026-09-06 16:53:29,259 [INFO] Processing channel 2/9: NatGeoANimals
2026-09-06 16:53:29,259 [INFO] Scraping: NatGeoANimals (https://www.youtube.com/@NatGeoAnimals/live)
2026-09-06 16:53:31,479 [INFO] [NatGeoANimals] No active live broadcast detected
2026-09-06 16:53:31,479 [INFO] [NatGeoANimals] Skipping – channel offline or scrape failed
2026-09-06 16:53:35,819 [INFO] --------------------------------------------------
2026-09-06 16:53:35,819 [INFO] Processing channel 3/9: GeoNews
2026-09-06 16:53:35,819 [INFO] Scraping: GeoNews (https://www.youtube.com/@geonews/live)
2026-09-06 16:53:37,759 [INFO] [GeoNews] No active live broadcast detected
2026-09-06 16:53:37,760 [INFO] [GeoNews] Skipping – channel offline or scrape failed
2026-09-06 16:53:40,212 [INFO] --------------------------------------------------
2026-09-06 16:53:40,212 [INFO] Processing channel 4/9: AryNews
2026-09-06 16:53:40,213 [INFO] Scraping: AryNews (https://www.youtube.com/@ArynewsTvofficial/live)
2026-09-06 16:53:41,891 [INFO] [AryNews] No active live broadcast detected
2026-09-06 16:53:41,892 [INFO] [AryNews] Skipping – channel offline or scrape failed
2026-09-06 16:53:45,584 [INFO] --------------------------------------------------
2026-09-06 16:53:45,584 [INFO] Processing channel 5/9: AryDigitalAsia
2026-09-06 16:53:45,584 [INFO] Scraping: AryDigitalAsia (https://www.youtube.com/@ARYDigitalasia/live)
2026-09-06 16:53:47,252 [INFO] [AryDigitalAsia] No active live broadcast detected
2026-09-06 16:53:47,252 [INFO] [AryDigitalAsia] Skipping – channel offline or scrape failed
2026-09-06 16:53:49,977 [INFO] --------------------------------------------------
2026-09-06 16:53:49,978 [INFO] Processing channel 6/9: SamaaTv
2026-09-06 16:53:49,978 [INFO] Scraping: SamaaTv (https://www.youtube.com/@Samaatv/live)
2026-09-06 16:53:51,683 [INFO] [SamaaTv] No active live broadcast detected
2026-09-06 16:53:51,683 [INFO] [SamaaTv] Skipping – channel offline or scrape failed
2026-09-06 16:53:55,756 [INFO] --------------------------------------------------
2026-09-06 16:53:55,756 [INFO] Processing channel 7/9: DunyaNews
2026-09-06 16:53:55,756 [INFO] Scraping: DunyaNews (https://www.youtube.com/@DunyanewsOfficial/live)
2026-09-06 16:53:57,809 [INFO] [DunyaNews] No active live broadcast detected
2026-09-06 16:53:57,810 [INFO] [DunyaNews] Skipping – channel offline or scrape failed
2026-09-06 16:54:00,796 [INFO] --------------------------------------------------
2026-09-06 16:54:00,796 [INFO] Processing channel 8/9: ExpressNews
2026-09-06 16:54:00,796 [INFO] Scraping: ExpressNews (https://www.youtube.com/@ExpressNewspkofficial/live)
2026-09-06 16:54:02,735 [INFO] [ExpressNews] No active live broadcast detected
2026-09-06 16:54:02,735 [INFO] [ExpressNews] Skipping – channel offline or scrape failed
2026-09-06 16:54:05,498 [INFO] --------------------------------------------------
2026-09-06 16:54:05,499 [INFO] Processing channel 9/9: PakistanGlobal
2026-09-06 16:54:05,499 [INFO] Scraping: PakistanGlobal (https://www.youtube.com/@pakistantvglobal/live)
2026-09-06 16:54:06,753 [INFO] [PakistanGlobal] No active live broadcast detected
2026-09-06 16:54:06,753 [INFO] [PakistanGlobal] Skipping – channel offline or scrape failed
2026-09-06 16:54:06,753 [INFO] ============================================================
2026-09-06 16:54:06,753 [INFO] Run complete – live: 0 | offline: 9 | failed: 0
2026-09-06 16:54:06,753 [WARNING] No live streams found – playlist not updated
2026-09-06 16:54:06,754 [INFO] Status written to playlist_status.json
2026-09-06 19:02:15,651 [INFO] ============================================================
2026-09-06 19:02:15,651 [INFO] IPTV Playlist Generator – starting run
2026-09-06 19:02:15,651 [INFO] ============================================================
2026-09-06 19:02:15,651 [INFO] Loaded 9 channel(s) from channels.txt
2026-09-06 19:02:15,651 [INFO] --------------------------------------------------
2026-09-06 19:02:15,652 [INFO] Processing channel 1/9: PTV NEWS
2026-09-06 19:02:15,652 [INFO] Scraping: PTV NEWS (https://www.youtube.com/@PTVNewsOfficial/live)
2026-09-06 19:02:17,536 [INFO] [PTV NEWS] No active live broadcast detected
2026-09-06 19:02:17,536 [INFO] [PTV NEWS] Skipping – channel offline or scrape failed
2026-09-06 19:02:21,968 [INFO] --------------------------------------------------
2026-09-06 19:02:21,968 [INFO] Processing channel 2/9: NatGeoANimals
2026-09-06 19:02:21,968 [INFO] Scraping: NatGeoANimals (https://www.youtube.com/@NatGeoAnimals/live)
2026-09-06 19:02:24,061 [INFO] [NatGeoANimals] No active live broadcast detected
2026-09-06 19:02:24,061 [INFO] [NatGeoANimals] Skipping – channel offline or scrape failed
2026-09-06 19:02:26,431 [INFO] --------------------------------------------------
2026-09-06 19:02:26,432 [INFO] Processing channel 3/9: GeoNews
2026-09-06 19:02:26,432 [INFO] Scraping: GeoNews (https://www.youtube.com/@geonews/live)
2026-09-06 19:02:28,535 [INFO] [GeoNews] No active live broadcast detected
2026-09-06 19:02:28,535 [INFO] [GeoNews] Skipping – channel offline or scrape failed
2026-09-06 19:02:32,526 [INFO] --------------------------------------------------
2026-09-06 19:02:32,526 [INFO] Processing channel 4/9: AryNews
2026-09-06 19:02:32,526 [INFO] Scraping: AryNews (https://www.youtube.com/@ArynewsTvofficial/live)
2026-09-06 19:02:35,243 [INFO] [AryNews] No active live broadcast detected
2026-09-06 19:02:35,244 [INFO] [AryNews] Skipping – channel offline or scrape failed
2026-09-06 19:02:38,511 [INFO] --------------------------------------------------
2026-09-06 19:02:38,511 [INFO] Processing channel 5/9: AryDigitalAsia
2026-09-06 19:02:38,511 [INFO] Scraping: AryDigitalAsia (https://www.youtube.com/@ARYDigitalasia/live)
2026-09-06 19:02:40,337 [INFO] [AryDigitalAsia] No active live broadcast detected
2026-09-06 19:02:40,337 [INFO] [AryDigitalAsia] Skipping – channel offline or scrape failed
2026-09-06 19:02:44,539 [INFO] --------------------------------------------------
2026-09-06 19:02:44,539 [INFO] Processing channel 6/9: SamaaTv
2026-09-06 19:02:44,539 [INFO] Scraping: SamaaTv (https://www.youtube.com/@Samaatv/live)
2026-09-06 19:02:46,834 [INFO] [SamaaTv] No active live broadcast detected
2026-09-06 19:02:46,835 [INFO] [SamaaTv] Skipping – channel offline or scrape failed
2026-09-06 19:02:49,276 [INFO] --------------------------------------------------
2026-09-06 19:02:49,276 [INFO] Processing channel 7/9: DunyaNews
2026-09-06 19:02:49,276 [INFO] Scraping: DunyaNews (https://www.youtube.com/@DunyanewsOfficial/live)
2026-09-06 19:02:51,770 [INFO] [DunyaNews] No active live broadcast detected
2026-09-06 19:02:51,770 [INFO] [DunyaNews] Skipping – channel offline or scrape failed
2026-09-06 19:02:55,439 [INFO] --------------------------------------------------
2026-09-06 19:02:55,440 [INFO] Processing channel 8/9: ExpressNews
2026-09-06 19:02:55,440 [INFO] Scraping: ExpressNews (https://www.youtube.com/@ExpressNewspkofficial/live)
2026-09-06 19:02:57,741 [INFO] [ExpressNews] No active live broadcast detected
2026-09-06 19:02:57,741 [INFO] [ExpressNews] Skipping – channel offline or scrape failed
2026-09-06 19:03:02,714 [INFO] --------------------------------------------------
2026-09-06 19:03:02,714 [INFO] Processing channel 9/9: PakistanGlobal
2026-09-06 19:03:02,714 [INFO] Scraping: PakistanGlobal (https://www.youtube.com/@pakistantvglobal/live)
2026-09-06 19:03:04,845 [INFO] [PakistanGlobal] No active live broadcast detected
2026-09-06 19:03:04,846 [INFO] [PakistanGlobal] Skipping – channel offline or scrape failed
2026-09-06 19:03:04,846 [INFO] ============================================================
2026-09-06 19:03:04,846 [INFO] Run complete – live: 0 | offline: 9 | failed: 0
2026-09-06 19:03:04,846 [WARNING] No live streams found – playlist not updated
2026-09-06 19:03:04,846 [INFO] Status written to playlist_status.json
2026-09-06 21:14:29,575 [INFO] ============================================================
2026-09-06 21:14:29,575 [INFO] IPTV Playlist Generator – starting run
2026-09-06 21:14:29,575 [INFO] ============================================================
2026-09-06 21:14:29,576 [INFO] Loaded 9 channel(s) from channels.txt
2026-09-06 21:14:29,576 [INFO] --------------------------------------------------
2026-09-06 21:14:29,576 [INFO] Processing channel 1/9: PTV NEWS
2026-09-06 21:14:29,576 [INFO] Scraping: PTV NEWS (https://www.youtube.com/@PTVNewsOfficial/live)
2026-09-06 21:14:31,269 [INFO] [PTV NEWS] No active live broadcast detected
2026-09-06 21:14:31,269 [INFO] [PTV NEWS] Skipping – channel offline or scrape failed
2026-09-06 21:14:33,549 [INFO] --------------------------------------------------
2026-09-06 21:14:33,549 [INFO] Processing channel 2/9: NatGeoANimals
2026-09-06 21:14:33,549 [INFO] Scraping: NatGeoANimals (https://www.youtube.com/@NatGeoAnimals/live)
2026-09-06 21:14:35,704 [INFO] [NatGeoANimals] No active live broadcast detected
2026-09-06 21:14:35,705 [INFO] [NatGeoANimals] Skipping – channel offline or scrape failed
2026-09-06 21:14:38,005 [INFO] --------------------------------------------------
2026-09-06 21:14:38,005 [INFO] Processing channel 3/9: GeoNews
2026-09-06 21:14:38,005 [INFO] Scraping: GeoNews (https://www.youtube.com/@geonews/live)
2026-09-06 21:14:40,480 [INFO] [GeoNews] No active live broadcast detected
2026-09-06 21:14:40,480 [INFO] [GeoNews] Skipping – channel offline or scrape failed
2026-09-06 21:14:44,480 [INFO] --------------------------------------------------
2026-09-06 21:14:44,480 [INFO] Processing channel 4/9: AryNews
2026-09-06 21:14:44,480 [INFO] Scraping: AryNews (https://www.youtube.com/@ArynewsTvofficial/live)
2026-09-06 21:14:46,642 [INFO] [AryNews] No active live broadcast detected
2026-09-06 21:14:46,643 [INFO] [AryNews] Skipping – channel offline or scrape failed
2026-09-06 21:14:50,150 [INFO] --------------------------------------------------
2026-09-06 21:14:50,150 [INFO] Processing channel 5/9: AryDigitalAsia
2026-09-06 21:14:50,150 [INFO] Scraping: AryDigitalAsia (https://www.youtube.com/@ARYDigitalasia/live)
2026-09-06 21:14:52,946 [INFO] [AryDigitalAsia] No active live broadcast detected
2026-09-06 21:14:52,946 [INFO] [AryDigitalAsia] Skipping – channel offline or scrape failed
2026-09-06 21:14:55,136 [INFO] --------------------------------------------------
2026-09-06 21:14:55,136 [INFO] Processing channel 6/9: SamaaTv
2026-09-06 21:14:55,136 [INFO] Scraping: SamaaTv (https://www.youtube.com/@Samaatv/live)
2026-09-06 21:14:57,458 [INFO] [SamaaTv] No active live broadcast detected
2026-09-06 21:14:57,458 [INFO] [SamaaTv] Skipping – channel offline or scrape failed
2026-09-06 21:14:59,938 [INFO] --------------------------------------------------
2026-09-06 21:14:59,938 [INFO] Processing channel 7/9: DunyaNews
2026-09-06 21:14:59,938 [INFO] Scraping: DunyaNews (https://www.youtube.com/@DunyanewsOfficial/live)
2026-09-06 21:15:01,591 [INFO] [DunyaNews] No active live broadcast detected
2026-09-06 21:15:01,591 [INFO] [DunyaNews] Skipping – channel offline or scrape failed
2026-09-06 21:15:05,556 [INFO] --------------------------------------------------
2026-09-06 21:15:05,556 [INFO] Processing channel 8/9: ExpressNews
2026-09-06 21:15:05,556 [INFO] Scraping: ExpressNews (https://www.youtube.com/@ExpressNewspkofficial/live)
2026-09-06 21:15:07,331 [INFO] [ExpressNews] No active live broadcast detected
2026-09-06 21:15:07,331 [INFO] [ExpressNews] Skipping – channel offline or scrape failed
2026-09-06 21:15:09,488 [INFO] --------------------------------------------------
2026-09-06 21:15:09,488 [INFO] Processing channel 9/9: PakistanGlobal
2026-09-06 21:15:09,488 [INFO] Scraping: PakistanGlobal (https://www.youtube.com/@pakistantvglobal/live)
2026-09-06 21:15:11,709 [INFO] [PakistanGlobal] No active live broadcast detected
2026-09-06 21:15:11,709 [INFO] [PakistanGlobal] Skipping – channel offline or scrape failed
2026-09-06 21:15:11,709 [INFO] ============================================================
2026-09-06 21:15:11,709 [INFO] Run complete – live: 0 | offline: 9 | failed: 0
2026-09-06 21:15:11,709 [WARNING] No live streams found – playlist not updated
2026-09-06 21:15:11,709 [INFO] Status written to playlist_status.json
2026-09-06 23:44:46,082 [INFO] ============================================================
2026-09-06 23:44:46,082 [INFO] IPTV Playlist Generator – starting run
2026-09-06 23:44:46,082 [INFO] ============================================================
2026-09-06 23:44:46,083 [INFO] Loaded 9 channel(s) from channels.txt
2026-09-06 23:44:46,083 [INFO] --------------------------------------------------
2026-09-06 23:44:46,083 [INFO] Processing channel 1/9: PTV NEWS
2026-09-06 23:44:46,083 [INFO] Scraping: PTV NEWS (https://www.youtube.com/@PTVNewsOfficial/live)
2026-09-06 23:44:48,656 [INFO] [PTV NEWS] No active live broadcast detected
2026-09-06 23:44:48,656 [INFO] [PTV NEWS] Skipping – channel offline or scrape failed
2026-09-06 23:44:52,497 [INFO] --------------------------------------------------
2026-09-06 23:44:52,497 [INFO] Processing channel 2/9: NatGeoANimals
2026-09-06 23:44:52,497 [INFO] Scraping: NatGeoANimals (https://www.youtube.com/@NatGeoAnimals/live)
2026-09-06 23:44:54,750 [INFO] [NatGeoANimals] No active live broadcast detected
2026-09-06 23:44:54,750 [INFO] [NatGeoANimals] Skipping – channel offline or scrape failed
2026-09-06 23:44:58,926 [INFO] --------------------------------------------------
2026-09-06 23:44:58,927 [INFO] Processing channel 3/9: GeoNews
2026-09-06 23:44:58,927 [INFO] Scraping: GeoNews (https://www.youtube.com/@geonews/live)
2026-09-06 23:45:01,267 [INFO] [GeoNews] No active live broadcast detected
2026-09-06 23:45:01,268 [INFO] [GeoNews] Skipping – channel offline or scrape failed
2026-09-06 23:45:04,361 [INFO] --------------------------------------------------
2026-09-06 23:45:04,361 [INFO] Processing channel 4/9: AryNews
2026-09-06 23:45:04,361 [INFO] Scraping: AryNews (https://www.youtube.com/@ArynewsTvofficial/live)
2026-09-06 23:45:06,061 [INFO] [AryNews] No active live broadcast detected
2026-09-06 23:45:06,061 [INFO] [AryNews] Skipping – channel offline or scrape failed
2026-09-06 23:45:09,309 [INFO] --------------------------------------------------
2026-09-06 23:45:09,309 [INFO] Processing channel 5/9: AryDigitalAsia
2026-09-06 23:45:09,309 [INFO] Scraping: AryDigitalAsia (https://www.youtube.com/@ARYDigitalasia/live)
2026-09-06 23:45:11,191 [INFO] [AryDigitalAsia] No active live broadcast detected
2026-09-06 23:45:11,192 [INFO] [AryDigitalAsia] Skipping – channel offline or scrape failed
2026-09-06 23:45:15,380 [INFO] --------------------------------------------------
2026-09-06 23:45:15,380 [INFO] Processing channel 6/9: SamaaTv
2026-09-06 23:45:15,380 [INFO] Scraping: SamaaTv (https://www.youtube.com/@Samaatv/live)
2026-09-06 23:45:17,943 [INFO] [SamaaTv] No active live broadcast detected
2026-09-06 23:45:17,944 [INFO] [SamaaTv] Skipping – channel offline or scrape failed
2026-09-06 23:45:19,987 [INFO] --------------------------------------------------
2026-09-06 23:45:19,987 [INFO] Processing channel 7/9: DunyaNews
2026-09-06 23:45:19,987 [INFO] Scraping: DunyaNews (https://www.youtube.com/@DunyanewsOfficial/live)
2026-09-06 23:45:22,189 [INFO] [DunyaNews] No active live broadcast detected
2026-09-06 23:45:22,189 [INFO] [DunyaNews] Skipping – channel offline or scrape failed
2026-09-06 23:45:25,695 [INFO] --------------------------------------------------
2026-09-06 23:45:25,695 [INFO] Processing channel 8/9: ExpressNews
2026-09-06 23:45:25,696 [INFO] Scraping: ExpressNews (https://www.youtube.com/@ExpressNewspkofficial/live)
2026-09-06 23:45:27,288 [INFO] [ExpressNews] No active live broadcast detected
2026-09-06 23:45:27,288 [INFO] [ExpressNews] Skipping – channel offline or scrape failed
2026-09-06 23:45:31,497 [INFO] --------------------------------------------------
2026-09-06 23:45:31,497 [INFO] Processing channel 9/9: PakistanGlobal
2026-09-06 23:45:31,497 [INFO] Scraping: PakistanGlobal (https://www.youtube.com/@pakistantvglobal/live)
2026-09-06 23:45:33,920 [INFO] [PakistanGlobal] No active live broadcast detected
2026-09-06 23:45:33,920 [INFO] [PakistanGlobal] Skipping – channel offline or scrape failed
2026-09-06 23:45:33,920 [INFO] ============================================================
2026-09-06 23:45:33,920 [INFO] Run complete – live: 0 | offline: 9 | failed: 0
2026-09-06 23:45:33,921 [WARNING] No live streams found – playlist not updated
2026-09-06 23:45:33,921 [INFO] Status written to playlist_status.json
2026-09-07 04:22:10,288 [INFO] ============================================================
2026-09-07 04:22:10,288 [INFO] IPTV Playlist Generator – starting run
2026-09-07 04:22:10,288 [INFO] ============================================================
2026-09-07 04:22:10,289 [INFO] Loaded 9 channel(s) from channels.txt
2026-09-07 04:22:10,289 [INFO] --------------------------------------------------
2026-09-07 04:22:10,289 [INFO] Processing channel 1/9: PTV NEWS
2026-09-07 04:22:10,289 [INFO] Scraping: PTV NEWS (https://www.youtube.com/@PTVNewsOfficial/live)
2026-09-07 04:22:11,550 [INFO] [PTV NEWS] No active live broadcast detected
2026-09-07 04:22:11,550 [INFO] [PTV NEWS] Skipping – channel offline or scrape failed
2026-09-07 04:22:16,521 [INFO] --------------------------------------------------
2026-09-07 04:22:16,521 [INFO] Processing channel 2/9: NatGeoANimals
2026-09-07 04:22:16,521 [INFO] Scraping: NatGeoANimals (https://www.youtube.com/@NatGeoAnimals/live)
2026-09-07 04:22:18,617 [INFO] [NatGeoANimals] No active live broadcast detected
2026-09-07 04:22:18,618 [INFO] [NatGeoANimals] Skipping – channel offline or scrape failed
2026-09-07 04:22:21,791 [INFO] --------------------------------------------------
2026-09-07 04:22:21,791 [INFO] Processing channel 3/9: GeoNews
2026-09-07 04:22:21,791 [INFO] Scraping: GeoNews (https://www.youtube.com/@geonews/live)
2026-09-07 04:22:23,398 [INFO] [GeoNews] No active live broadcast detected
2026-09-07 04:22:23,399 [INFO] [GeoNews] Skipping – channel offline or scrape failed
2026-09-07 04:22:27,782 [INFO] --------------------------------------------------
2026-09-07 04:22:27,782 [INFO] Processing channel 4/9: AryNews
2026-09-07 04:22:27,782 [INFO] Scraping: AryNews (https://www.youtube.com/@ArynewsTvofficial/live)
2026-09-07 04:22:29,813 [INFO] [AryNews] No active live broadcast detected
2026-09-07 04:22:29,813 [INFO] [AryNews] Skipping – channel offline or scrape failed
2026-09-07 04:22:32,343 [INFO] --------------------------------------------------
2026-09-07 04:22:32,343 [INFO] Processing channel 5/9: AryDigitalAsia
2026-09-07 04:22:32,343 [INFO] Scraping: AryDigitalAsia (https://www.youtube.com/@ARYDigitalasia/live)
2026-09-07 04:22:34,099 [INFO] [AryDigitalAsia] No active live broadcast detected
2026-09-07 04:22:34,099 [INFO] [AryDigitalAsia] Skipping – channel offline or scrape failed
2026-09-07 04:22:37,952 [INFO] --------------------------------------------------
2026-09-07 04:22:37,952 [INFO] Processing channel 6/9: SamaaTv
2026-09-07 04:22:37,952 [INFO] Scraping: SamaaTv (https://www.youtube.com/@Samaatv/live)
2026-09-07 04:22:40,370 [INFO] [SamaaTv] No active live broadcast detected
2026-09-07 04:22:40,370 [INFO] [SamaaTv] Skipping – channel offline or scrape failed
2026-09-07 04:22:43,546 [INFO] --------------------------------------------------
2026-09-07 04:22:43,546 [INFO] Processing channel 7/9: DunyaNews
2026-09-07 04:22:43,546 [INFO] Scraping: DunyaNews (https://www.youtube.com/@DunyanewsOfficial/live)
2026-09-07 04:22:44,822 [INFO] [DunyaNews] No active live broadcast detected
2026-09-07 04:22:44,822 [INFO] [DunyaNews] Skipping – channel offline or scrape failed
2026-09-07 04:22:49,695 [INFO] --------------------------------------------------
2026-09-07 04:22:49,695 [INFO] Processing channel 8/9: ExpressNews
2026-09-07 04:22:49,695 [INFO] Scraping: ExpressNews (https://www.youtube.com/@ExpressNewspkofficial/live)
2026-09-07 04:22:51,417 [INFO] [ExpressNews] No active live broadcast detected
2026-09-07 04:22:51,417 [INFO] [ExpressNews] Skipping – channel offline or scrape failed
2026-09-07 04:22:54,059 [INFO] --------------------------------------------------
2026-09-07 04:22:54,060 [INFO] Processing channel 9/9: PakistanGlobal
2026-09-07 04:22:54,060 [INFO] Scraping: PakistanGlobal (https://www.youtube.com/@pakistantvglobal/live)
2026-09-07 04:22:56,098 [INFO] [PakistanGlobal] No active live broadcast detected
2026-09-07 04:22:56,098 [INFO] [PakistanGlobal] Skipping – channel offline or scrape failed
2026-09-07 04:22:56,098 [INFO] ============================================================
2026-09-07 04:22:56,098 [INFO] Run complete – live: 0 | offline: 9 | failed: 0
2026-09-07 04:22:56,098 [WARNING] No live streams found – playlist not updated
2026-09-07 04:22:56,099 [INFO] Status written to playlist_status.json
2026-09-07 10:08:02,448 [INFO] ============================================================
2026-09-07 10:08:02,448 [INFO] IPTV Playlist Generator – starting run
2026-09-07 10:08:02,448 [INFO] ============================================================
2026-09-07 10:08:02,448 [INFO] Loaded 9 channel(s) from channels.txt
2026-09-07 10:08:02,449 [INFO] --------------------------------------------------
2026-09-07 10:08:02,449 [INFO] Processing channel 1/9: PTV NEWS
2026-09-07 10:08:02,449 [INFO] Scraping: PTV NEWS (https://www.youtube.com/@PTVNewsOfficial/live)
2026-09-07 10:08:03,779 [INFO] [PTV NEWS] No active live broadcast detected
2026-09-07 10:08:03,779 [INFO] [PTV NEWS] Skipping – channel offline or scrape failed
2026-09-07 10:08:07,601 [INFO] --------------------------------------------------
2026-09-07 10:08:07,602 [INFO] Processing channel 2/9: NatGeoANimals
2026-09-07 10:08:07,602 [INFO] Scraping: NatGeoANimals (https://www.youtube.com/@NatGeoAnimals/live)
2026-09-07 10:08:09,490 [INFO] [NatGeoANimals] No active live broadcast detected
2026-09-07 10:08:09,490 [INFO] [NatGeoANimals] Skipping – channel offline or scrape failed
2026-09-07 10:08:12,089 [INFO] --------------------------------------------------
2026-09-07 10:08:12,090 [INFO] Processing channel 3/9: GeoNews
2026-09-07 10:08:12,090 [INFO] Scraping: GeoNews (https://www.youtube.com/@geonews/live)
2026-09-07 10:08:14,226 [INFO] [GeoNews] No active live broadcast detected
2026-09-07 10:08:14,226 [INFO] [GeoNews] Skipping – channel offline or scrape failed
2026-09-07 10:08:18,670 [INFO] --------------------------------------------------
2026-09-07 10:08:18,671 [INFO] Processing channel 4/9: AryNews
2026-09-07 10:08:18,671 [INFO] Scraping: AryNews (https://www.youtube.com/@ArynewsTvofficial/live)
2026-09-07 10:08:20,263 [INFO] [AryNews] No active live broadcast detected
2026-09-07 10:08:20,263 [INFO] [AryNews] Skipping – channel offline or scrape failed
2026-09-07 10:08:24,359 [INFO] --------------------------------------------------
2026-09-07 10:08:24,359 [INFO] Processing channel 5/9: AryDigitalAsia
2026-09-07 10:08:24,359 [INFO] Scraping: AryDigitalAsia (https://www.youtube.com/@ARYDigitalasia/live)
2026-09-07 10:08:26,697 [INFO] [AryDigitalAsia] No active live broadcast detected
2026-09-07 10:08:26,698 [INFO] [AryDigitalAsia] Skipping – channel offline or scrape failed
2026-09-07 10:08:28,758 [INFO] --------------------------------------------------
2026-09-07 10:08:28,759 [INFO] Processing channel 6/9: SamaaTv
2026-09-07 10:08:28,759 [INFO] Scraping: SamaaTv (https://www.youtube.com/@Samaatv/live)
2026-09-07 10:08:30,758 [INFO] [SamaaTv] No active live broadcast detected
2026-09-07 10:08:30,758 [INFO] [SamaaTv] Skipping – channel offline or scrape failed
2026-09-07 10:08:33,503 [INFO] --------------------------------------------------
2026-09-07 10:08:33,503 [INFO] Processing channel 7/9: DunyaNews
2026-09-07 10:08:33,503 [INFO] Scraping: DunyaNews (https://www.youtube.com/@DunyanewsOfficial/live)
2026-09-07 10:08:35,455 [INFO] [DunyaNews] No active live broadcast detected
2026-09-07 10:08:35,455 [INFO] [DunyaNews] Skipping – channel offline or scrape failed
2026-09-07 10:08:38,585 [INFO] --------------------------------------------------
2026-09-07 10:08:38,585 [INFO] Processing channel 8/9: ExpressNews
2026-09-07 10:08:38,585 [INFO] Scraping: ExpressNews (https://www.youtube.com/@ExpressNewspkofficial/live)
2026-09-07 10:08:40,721 [INFO] [ExpressNews] No active live broadcast detected
2026-09-07 10:08:40,721 [INFO] [ExpressNews] Skipping – channel offline or scrape failed
2026-09-07 10:08:42,796 [INFO] --------------------------------------------------
2026-09-07 10:08:42,796 [INFO] Processing channel 9/9: PakistanGlobal
2026-09-07 10:08:42,796 [INFO] Scraping: PakistanGlobal (https://www.youtube.com/@pakistantvglobal/live)
2026-09-07 10:08:44,210 [INFO] [PakistanGlobal] No active live broadcast detected
2026-09-07 10:08:44,210 [INFO] [PakistanGlobal] Skipping – channel offline or scrape failed
2026-09-07 10:08:44,211 [INFO] ============================================================
2026-09-07 10:08:44,211 [INFO] Run complete – live: 0 | offline: 9 | failed: 0
2026-09-07 10:08:44,211 [WARNING] No live streams found – playlist not updated
2026-09-07 10:08:44,211 [INFO] Status written to playlist_status.json
2026-09-07 16:23:41,381 [INFO] ============================================================
2026-09-07 16:23:41,381 [INFO] IPTV Playlist Generator – starting run
2026-09-07 16:23:41,381 [INFO] ============================================================
2026-09-07 16:23:41,381 [INFO] Loaded 9 channel(s) from channels.txt
2026-09-07 16:23:41,382 [INFO] --------------------------------------------------
2026-09-07 16:23:41,382 [INFO] Processing channel 1/9: PTV NEWS
2026-09-07 16:23:41,382 [INFO] Scraping: PTV NEWS (https://www.youtube.com/@PTVNewsOfficial/live)
2026-09-07 16:23:43,177 [INFO] [PTV NEWS] No active live broadcast detected
2026-09-07 16:23:43,178 [INFO] [PTV NEWS] Skipping – channel offline or scrape failed
2026-09-07 16:23:45,812 [INFO] --------------------------------------------------
2026-09-07 16:23:45,812 [INFO] Processing channel 2/9: NatGeoANimals
2026-09-07 16:23:45,812 [INFO] Scraping: NatGeoANimals (https://www.youtube.com/@NatGeoAnimals/live)
2026-09-07 16:23:47,188 [INFO] [NatGeoANimals] No active live broadcast detected
2026-09-07 16:23:47,188 [INFO] [NatGeoANimals] Skipping – channel offline or scrape failed
2026-09-07 16:23:50,947 [INFO] --------------------------------------------------
2026-09-07 16:23:50,947 [INFO] Processing channel 3/9: GeoNews
2026-09-07 16:23:50,947 [INFO] Scraping: GeoNews (https://www.youtube.com/@geonews/live)
2026-09-07 16:23:52,597 [INFO] [GeoNews] No active live broadcast detected
2026-09-07 16:23:52,597 [INFO] [GeoNews] Skipping – channel offline or scrape failed
2026-09-07 16:23:54,710 [INFO] --------------------------------------------------
2026-09-07 16:23:54,710 [INFO] Processing channel 4/9: AryNews
2026-09-07 16:23:54,710 [INFO] Scraping: AryNews (https://www.youtube.com/@ArynewsTvofficial/live)
2026-09-07 16:23:56,748 [INFO] [AryNews] No active live broadcast detected
2026-09-07 16:23:56,748 [INFO] [AryNews] Skipping – channel offline or scrape failed
2026-09-07 16:24:00,120 [INFO] --------------------------------------------------
2026-09-07 16:24:00,120 [INFO] Processing channel 5/9: AryDigitalAsia
2026-09-07 16:24:00,120 [INFO] Scraping: AryDigitalAsia (https://www.youtube.com/@ARYDigitalasia/live)
2026-09-07 16:24:02,112 [INFO] [AryDigitalAsia] No active live broadcast detected
2026-09-07 16:24:02,112 [INFO] [AryDigitalAsia] Skipping – channel offline or scrape failed
2026-09-07 16:24:06,486 [INFO] --------------------------------------------------
2026-09-07 16:24:06,486 [INFO] Processing channel 6/9: SamaaTv
2026-09-07 16:24:06,486 [INFO] Scraping: SamaaTv (https://www.youtube.com/@Samaatv/live)
2026-09-07 16:24:07,898 [INFO] [SamaaTv] No active live broadcast detected
2026-09-07 16:24:07,898 [INFO] [SamaaTv] Skipping – channel offline or scrape failed
2026-09-07 16:24:09,971 [INFO] --------------------------------------------------
2026-09-07 16:24:09,972 [INFO] Processing channel 7/9: DunyaNews
2026-09-07 16:24:09,972 [INFO] Scraping: DunyaNews (https://www.youtube.com/@DunyanewsOfficial/live)
2026-09-07 16:24:11,531 [INFO] [DunyaNews] No active live broadcast detected
2026-09-07 16:24:11,532 [INFO] [DunyaNews] Skipping – channel offline or scrape failed
2026-09-07 16:24:14,931 [INFO] --------------------------------------------------
2026-09-07 16:24:14,931 [INFO] Processing channel 8/9: ExpressNews
2026-09-07 16:24:14,931 [INFO] Scraping: ExpressNews (https://www.youtube.com/@ExpressNewspkofficial/live)
2026-09-07 16:24:16,204 [INFO] [ExpressNews] No active live broadcast detected
2026-09-07 16:24:16,204 [INFO] [ExpressNews] Skipping – channel offline or scrape failed
2026-09-07 16:24:20,944 [INFO] --------------------------------------------------
2026-09-07 16:24:20,945 [INFO] Processing channel 9/9: PakistanGlobal
2026-09-07 16:24:20,945 [INFO] Scraping: PakistanGlobal (https://www.youtube.com/@pakistantvglobal/live)
2026-09-07 16:24:22,485 [INFO] [PakistanGlobal] No active live broadcast detected
2026-09-07 16:24:22,485 [INFO] [PakistanGlobal] Skipping – channel offline or scrape failed
2026-09-07 16:24:22,485 [INFO] ============================================================
2026-09-07 16:24:22,485 [INFO] Run complete – live: 0 | offline: 9 | failed: 0
2026-09-07 16:24:22,485 [WARNING] No live streams found – playlist not updated
2026-09-07 16:24:22,485 [INFO] Status written to playlist_status.json
2026-09-07 20:28:17,240 [INFO] ============================================================
2026-09-07 20:28:17,240 [INFO] IPTV Playlist Generator – starting run
2026-09-07 20:28:17,240 [INFO] ============================================================
2026-09-07 20:28:17,240 [INFO] Loaded 9 channel(s) from channels.txt
2026-09-07 20:28:17,240 [INFO] --------------------------------------------------
2026-09-07 20:28:17,240 [INFO] Processing channel 1/9: PTV NEWS
2026-09-07 20:28:17,240 [INFO] Scraping: PTV NEWS (https://www.youtube.com/@PTVNewsOfficial/live)
2026-09-07 20:28:19,304 [INFO] [PTV NEWS] No active live broadcast detected
2026-09-07 20:28:19,304 [INFO] [PTV NEWS] Skipping – channel offline or scrape failed
2026-09-07 20:28:21,551 [INFO] --------------------------------------------------
2026-09-07 20:28:21,551 [INFO] Processing channel 2/9: NatGeoANimals
2026-09-07 20:28:21,551 [INFO] Scraping: NatGeoANimals (https://www.youtube.com/@NatGeoAnimals/live)
2026-09-07 20:28:22,960 [INFO] [NatGeoANimals] No active live broadcast detected
2026-09-07 20:28:22,960 [INFO] [NatGeoANimals] Skipping – channel offline or scrape failed
2026-09-07 20:28:27,829 [INFO] --------------------------------------------------
2026-09-07 20:28:27,829 [INFO] Processing channel 3/9: GeoNews
2026-09-07 20:28:27,829 [INFO] Scraping: GeoNews (https://www.youtube.com/@geonews/live)
2026-09-07 20:28:29,512 [INFO] [GeoNews] No active live broadcast detected
2026-09-07 20:28:29,512 [INFO] [GeoNews] Skipping – channel offline or scrape failed
2026-09-07 20:28:31,593 [INFO] --------------------------------------------------
2026-09-07 20:28:31,593 [INFO] Processing channel 4/9: AryNews
2026-09-07 20:28:31,593 [INFO] Scraping: AryNews (https://www.youtube.com/@ArynewsTvofficial/live)
2026-09-07 20:28:33,346 [INFO] [AryNews] No active live broadcast detected
2026-09-07 20:28:33,346 [INFO] [AryNews] Skipping – channel offline or scrape failed
2026-09-07 20:28:38,198 [INFO] --------------------------------------------------
2026-09-07 20:28:38,198 [INFO] Processing channel 5/9: AryDigitalAsia
2026-09-07 20:28:38,199 [INFO] Scraping: AryDigitalAsia (https://www.youtube.com/@ARYDigitalasia/live)
2026-09-07 20:28:40,488 [INFO] [AryDigitalAsia] No active live broadcast detected
2026-09-07 20:28:40,489 [INFO] [AryDigitalAsia] Skipping – channel offline or scrape failed
2026-09-07 20:28:45,433 [INFO] --------------------------------------------------
2026-09-07 20:28:45,433 [INFO] Processing channel 6/9: SamaaTv
2026-09-07 20:28:45,433 [INFO] Scraping: SamaaTv (https://www.youtube.com/@Samaatv/live)
2026-09-07 20:28:46,899 [INFO] [SamaaTv] No active live broadcast detected
2026-09-07 20:28:46,899 [INFO] [SamaaTv] Skipping – channel offline or scrape failed
2026-09-07 20:28:48,972 [INFO] --------------------------------------------------
2026-09-07 20:28:48,973 [INFO] Processing channel 7/9: DunyaNews
2026-09-07 20:28:48,973 [INFO] Scraping: DunyaNews (https://www.youtube.com/@DunyanewsOfficial/live)
2026-09-07 20:28:50,677 [INFO] [DunyaNews] No active live broadcast detected
2026-09-07 20:28:50,677 [INFO] [DunyaNews] Skipping – channel offline or scrape failed
2026-09-07 20:28:55,482 [INFO] --------------------------------------------------
2026-09-07 20:28:55,482 [INFO] Processing channel 8/9: ExpressNews
2026-09-07 20:28:55,482 [INFO] Scraping: ExpressNews (https://www.youtube.com/@ExpressNewspkofficial/live)
2026-09-07 20:28:56,839 [INFO] [ExpressNews] No active live broadcast detected
2026-09-07 20:28:56,839 [INFO] [ExpressNews] Skipping – channel offline or scrape failed
2026-09-07 20:28:59,288 [INFO] --------------------------------------------------
2026-09-07 20:28:59,288 [INFO] Processing channel 9/9: PakistanGlobal
2026-09-07 20:28:59,288 [INFO] Scraping: PakistanGlobal (https://www.youtube.com/@pakistantvglobal/live)
2026-09-07 20:29:00,687 [INFO] [PakistanGlobal] No active live broadcast detected
2026-09-07 20:29:00,688 [INFO] [PakistanGlobal] Skipping – channel offline or scrape failed
2026-09-07 20:29:00,688 [INFO] ============================================================
2026-09-07 20:29:00,688 [INFO] Run complete – live: 0 | offline: 9 | failed: 0
2026-09-07 20:29:00,688 [WARNING] No live streams found – playlist not updated
2026-09-07 20:29:00,688 [INFO] Status written to playlist_status.json
2026-09-07 23:26:08,076 [INFO] ============================================================
2026-09-07 23:26:08,076 [INFO] IPTV Playlist Generator – starting run
2026-09-07 23:26:08,076 [INFO] ============================================================
2026-09-07 23:26:08,076 [INFO] Loaded 9 channel(s) from channels.txt
2026-09-07 23:26:08,077 [INFO] --------------------------------------------------
2026-09-07 23:26:08,077 [INFO] Processing channel 1/9: PTV NEWS
2026-09-07 23:26:08,077 [INFO] Scraping: PTV NEWS (https://www.youtube.com/@PTVNewsOfficial/live)
2026-09-07 23:26:09,368 [INFO] [PTV NEWS] No active live broadcast detected
2026-09-07 23:26:09,369 [INFO] [PTV NEWS] Skipping – channel offline or scrape failed
2026-09-07 23:26:12,560 [INFO] --------------------------------------------------
2026-09-07 23:26:12,560 [INFO] Processing channel 2/9: NatGeoANimals
2026-09-07 23:26:12,560 [INFO] Scraping: NatGeoANimals (https://www.youtube.com/@NatGeoAnimals/live)
2026-09-07 23:26:15,410 [INFO] [NatGeoANimals] No active live broadcast detected
2026-09-07 23:26:15,410 [INFO] [NatGeoANimals] Skipping – channel offline or scrape failed
2026-09-07 23:26:17,960 [INFO] --------------------------------------------------
2026-09-07 23:26:17,960 [INFO] Processing channel 3/9: GeoNews
2026-09-07 23:26:17,960 [INFO] Scraping: GeoNews (https://www.youtube.com/@geonews/live)
2026-09-07 23:26:19,982 [INFO] [GeoNews] No active live broadcast detected
2026-09-07 23:26:19,982 [INFO] [GeoNews] Skipping – channel offline or scrape failed
2026-09-07 23:26:24,267 [INFO] --------------------------------------------------
2026-09-07 23:26:24,267 [INFO] Processing channel 4/9: AryNews
2026-09-07 23:26:24,267 [INFO] Scraping: AryNews (https://www.youtube.com/@ArynewsTvofficial/live)
2026-09-07 23:26:25,769 [INFO] [AryNews] No active live broadcast detected
2026-09-07 23:26:25,770 [INFO] [AryNews] Skipping – channel offline or scrape failed
2026-09-07 23:26:30,011 [INFO] --------------------------------------------------
2026-09-07 23:26:30,011 [INFO] Processing channel 5/9: AryDigitalAsia
2026-09-07 23:26:30,011 [INFO] Scraping: AryDigitalAsia (https://www.youtube.com/@ARYDigitalasia/live)
2026-09-07 23:26:32,551 [INFO] [AryDigitalAsia] No active live broadcast detected
2026-09-07 23:26:32,551 [INFO] [AryDigitalAsia] Skipping – channel offline or scrape failed
2026-09-07 23:26:36,438 [INFO] --------------------------------------------------
2026-09-07 23:26:36,438 [INFO] Processing channel 6/9: SamaaTv
2026-09-07 23:26:36,438 [INFO] Scraping: SamaaTv (https://www.youtube.com/@Samaatv/live)
2026-09-07 23:26:38,094 [INFO] [SamaaTv] No active live broadcast detected
2026-09-07 23:26:38,094 [INFO] [SamaaTv] Skipping – channel offline or scrape failed
2026-09-07 23:26:40,168 [INFO] --------------------------------------------------
2026-09-07 23:26:40,168 [INFO] Processing channel 7/9: DunyaNews
2026-09-07 23:26:40,168 [INFO] Scraping: DunyaNews (https://www.youtube.com/@DunyanewsOfficial/live)
2026-09-07 23:26:42,364 [INFO] [DunyaNews] No active live broadcast detected
2026-09-07 23:26:42,364 [INFO] [DunyaNews] Skipping – channel offline or scrape failed
2026-09-07 23:26:46,568 [INFO] --------------------------------------------------
2026-09-07 23:26:46,568 [INFO] Processing channel 8/9: ExpressNews
2026-09-07 23:26:46,568 [INFO] Scraping: ExpressNews (https://www.youtube.com/@ExpressNewspkofficial/live)
2026-09-07 23:26:48,155 [INFO] [ExpressNews] No active live broadcast detected
2026-09-07 23:26:48,155 [INFO] [ExpressNews] Skipping – channel offline or scrape failed
2026-09-07 23:26:52,703 [INFO] --------------------------------------------------
2026-09-07 23:26:52,703 [INFO] Processing channel 9/9: PakistanGlobal
2026-09-07 23:26:52,703 [INFO] Scraping: PakistanGlobal (https://www.youtube.com/@pakistantvglobal/live)
2026-09-07 23:26:54,280 [INFO] [PakistanGlobal] No active live broadcast detected
2026-09-07 23:26:54,280 [INFO] [PakistanGlobal] Skipping – channel offline or scrape failed
2026-09-07 23:26:54,280 [INFO] ============================================================
2026-09-07 23:26:54,280 [INFO] Run complete – live: 0 | offline: 9 | failed: 0
2026-09-07 23:26:54,280 [WARNING] No live streams found – playlist not updated
2026-09-07 23:26:54,281 [INFO] Status written to playlist_status.json
